mtllib material.mtl
usemtl 1.000000_1.000000_1.000000_0.000000_0.000000
v -0.02248000 0.04500000 0.00000000
v -0.02248000 0.04500000 0.00000000
v -0.02248000 0.04500000 0.00000000
v -0.02248000 0.06751000 0.00200000
v -0.02248000 0.06751000 0.00200000
v -0.02248000 0.04501000 0.00200000
v -0.02248000 0.04501000 0.00200000
v -0.02248000 0.06752000 0.00000000
v -0.02248000 0.06752000 0.00000000
v -0.02248000 0.06752000 0.00000000
v -0.02248000 0.06752000 0.00200000
v -0.02248000 0.06752000 0.00200000
v -0.02248000 0.06752000 0.00200000
v -0.02248000 0.04500000 0.00200000
v -0.02248000 0.04500000 0.00200000
v -0.02248000 0.04500000 0.00200000
v -0.01123000 0.04500000 0.00200000
v -0.01123000 0.04500000 0.00200000
v -0.00000000 0.04500000 0.00000000
v -0.00000000 0.04500000 0.00000000
v -0.00000000 0.04500000 0.00000000
v -0.00000000 0.04500000 0.00200000
v -0.00000000 0.04500000 0.00200000
v -0.00000000 0.04500000 0.00200000
v -0.00000000 0.02252000 0.00200000
v -0.00000000 0.02252000 0.00200000
v -0.00000000 0.02252000 0.00200000
v -0.00000000 0.02252000 0.00000000
v -0.00000000 0.02252000 0.00000000
v -0.00000000 0.02252000 0.00000000
v -0.02248000 0.02252000 0.00000000
v -0.02248000 0.02252000 0.00000000
v -0.02248000 0.02252000 0.00000000
v -0.01123000 0.02252000 0.00200000
v -0.01123000 0.02252000 0.00200000
v -0.02248000 0.02252000 0.00200000
v -0.02248000 0.02252000 0.00200000
v -0.02248000 0.02252000 0.00200000
v -0.02248000 0.02251000 0.00200000
v -0.02248000 0.02251000 0.00200000
v -0.02248000 -0.00000000 0.00000000
v -0.02248000 -0.00000000 0.00000000
v -0.02248000 -0.00000000 0.00000000
v -0.02248000 0.00000000 0.00200000
v -0.02248000 0.00000000 0.00200000
v -0.02248000 0.00000000 0.00200000
v -0.00000000 0.06752000 0.00000000
v -0.00000000 0.06752000 0.00000000
v -0.00000000 0.06752000 0.00000000
v -0.01123000 0.06752000 0.00200000
v -0.01123000 0.06752000 0.00200000
v -0.00000000 0.06752000 0.00200000
v -0.00000000 0.06752000 0.00200000
v -0.00000000 0.06752000 0.00200000
v -0.00000000 0.09000000 0.00000000
v -0.00000000 0.09000000 0.00000000
v -0.00000000 0.09000000 0.00000000
v -0.00000000 0.09000000 0.00200000
v -0.00000000 0.09000000 0.00200000
v -0.00000000 0.09000000 0.00200000
v -0.02248000 0.09000000 0.00000000
v -0.02248000 0.09000000 0.00000000
v -0.02248000 0.09000000 0.00000000
v -0.02248000 0.09000000 0.00200000
v -0.02248000 0.09000000 0.00200000
v -0.02248000 0.09000000 0.00200000
v -0.01123000 0.09000000 0.00200000
v -0.01123000 0.09000000 0.00200000
v -0.02248000 0.11251000 0.00200000
v -0.02248000 0.11251000 0.00200000
v -0.02248000 0.09001000 0.00200000
v -0.02248000 0.09001000 0.00200000
v -0.02248000 0.11252000 0.00000000
v -0.02248000 0.11252000 0.00000000
v -0.02248000 0.11252000 0.00000000
v -0.02248000 0.11252000 0.00200000
v -0.02248000 0.11252000 0.00200000
v -0.02248000 0.11252000 0.00200000
v -0.00000000 0.11252000 0.00000000
v -0.00000000 0.11252000 0.00000000
v -0.00000000 0.11252000 0.00000000
v -0.01123000 0.11252000 0.00200000
v -0.01123000 0.11252000 0.00200000
v -0.00000000 0.11252000 0.00200000
v -0.00000000 0.11252000 0.00200000
v -0.00000000 0.11252000 0.00200000
v -0.00000000 0.13500000 0.00000000
v -0.00000000 0.13500000 0.00000000
v -0.00000000 0.13500000 0.00000000
v -0.00000000 0.13500000 0.00200000
v -0.00000000 0.13500000 0.00200000
v -0.00000000 0.13500000 0.00200000
v -0.02248000 0.13500000 0.00000000
v -0.02248000 0.13500000 0.00000000
v -0.02248000 0.13500000 0.00000000
v -0.02248000 0.13500000 0.00200000
v -0.02248000 0.13500000 0.00200000
v -0.02248000 0.13500000 0.00200000
v -0.01123000 0.13500000 0.00200000
v -0.01123000 0.13500000 0.00200000
v -0.02248000 0.15750000 0.00000000
v -0.02248000 0.15750000 0.00000000
v -0.02248000 0.15750000 0.00000000
v -0.02248000 0.15750000 0.00200000
v -0.02248000 0.15750000 0.00200000
v -0.02248000 0.15750000 0.00200000
v 0.00002000 0.15750000 0.00000000
v 0.00002000 0.15750000 0.00000000
v 0.00002000 0.15750000 0.00000000
v -0.01123000 0.15750000 0.00200000
v -0.01123000 0.15750000 0.00200000
v 0.00002000 0.15750000 0.00200000
v 0.00002000 0.15750000 0.00200000
v 0.00002000 0.15750000 0.00200000
v 0.00002000 0.13502000 0.00000000
v 0.00002000 0.13502000 0.00000000
v 0.00002000 0.13502000 0.00000000
v 0.00002000 0.13502000 0.00200000
v 0.00002000 0.13502000 0.00200000
v 0.00002000 0.13502000 0.00200000
v 0.02250000 0.13502000 0.00000000
v 0.02250000 0.13502000 0.00000000
v 0.02250000 0.13502000 0.00000000
v 0.02250000 0.13502000 0.00200000
v 0.02250000 0.13502000 0.00200000
v 0.02250000 0.13502000 0.00200000
v 0.02250000 0.15750000 0.00000000
v 0.02250000 0.15750000 0.00000000
v 0.02250000 0.15750000 0.00000000
v 0.02250000 0.15750000 0.00200000
v 0.02250000 0.15750000 0.00200000
v 0.02250000 0.15750000 0.00200000
v 0.04501000 0.15750000 0.00200000
v 0.04501000 0.15750000 0.00200000
v 0.02251000 0.15750000 0.00200000
v 0.02251000 0.15750000 0.00200000
v 0.04502000 0.15750000 0.00000000
v 0.04502000 0.15750000 0.00000000
v 0.04502000 0.15750000 0.00000000
v 0.04502000 0.15750000 0.00200000
v 0.04502000 0.15750000 0.00200000
v 0.04502000 0.15750000 0.00200000
v 0.04502000 0.13502000 0.00000000
v 0.04502000 0.13502000 0.00000000
v 0.04502000 0.13502000 0.00000000
v 0.04502000 0.13502000 0.00200000
v 0.04502000 0.13502000 0.00200000
v 0.04502000 0.13502000 0.00200000
v 0.06750000 0.13502000 0.00000000
v 0.06750000 0.13502000 0.00000000
v 0.06750000 0.13502000 0.00000000
v 0.06750000 0.13502000 0.00200000
v 0.06750000 0.13502000 0.00200000
v 0.06750000 0.13502000 0.00200000
v 0.06750000 0.15750000 0.00000000
v 0.06750000 0.15750000 0.00000000
v 0.06750000 0.15750000 0.00000000
v 0.06750000 0.15750000 0.00200000
v 0.06750000 0.15750000 0.00200000
v 0.06750000 0.15750000 0.00200000
v 0.09001000 0.15750000 0.00200000
v 0.09001000 0.15750000 0.00200000
v 0.06751000 0.15750000 0.00200000
v 0.06751000 0.15750000 0.00200000
v 0.09002000 0.15750000 0.00000000
v 0.09002000 0.15750000 0.00000000
v 0.09002000 0.15750000 0.00000000
v 0.09002000 0.15750000 0.00200000
v 0.09002000 0.15750000 0.00200000
v 0.09002000 0.15750000 0.00200000
v 0.09002000 0.13502000 0.00000000
v 0.09002000 0.13502000 0.00000000
v 0.09002000 0.13502000 0.00000000
v 0.09002000 0.13502000 0.00200000
v 0.09002000 0.13502000 0.00200000
v 0.09002000 0.13502000 0.00200000
v 0.11250000 0.13502000 0.00000000
v 0.11250000 0.13502000 0.00000000
v 0.11250000 0.13502000 0.00000000
v 0.11250000 0.13502000 0.00200000
v 0.11250000 0.13502000 0.00200000
v 0.11250000 0.13502000 0.00200000
v 0.11250000 0.15750000 0.00000000
v 0.11250000 0.15750000 0.00000000
v 0.11250000 0.15750000 0.00000000
v 0.11250000 0.15750000 0.00200000
v 0.11250000 0.15750000 0.00200000
v 0.11250000 0.15750000 0.00200000
v 0.13502000 0.15750000 0.00000000
v 0.13502000 0.15750000 0.00000000
v 0.13502000 0.15750000 0.00000000
v 0.13502000 0.15750000 0.00200000
v 0.13502000 0.15750000 0.00200000
v 0.13502000 0.15750000 0.00200000
v 0.11251000 0.15750000 0.00200000
v 0.11251000 0.15750000 0.00200000
v -0.01123000 0.00000000 0.00200000
v -0.01123000 0.00000000 0.00200000
v 0.00000000 0.00000000 0.00000000
v 0.00000000 0.00000000 0.00000000
v 0.00000000 0.00000000 0.00000000
v 0.00000000 0.00000000 0.00200000
v 0.00000000 0.00000000 0.00200000
v 0.00000000 0.00000000 0.00200000
v 0.00000000 -0.02248000 0.00000000
v 0.00000000 -0.02248000 0.00000000
v 0.00000000 -0.02248000 0.00000000
v 0.00000000 -0.01123000 0.00200000
v 0.00000000 -0.01123000 0.00200000
v 0.00000000 -0.02248000 0.00200000
v 0.00000000 -0.02248000 0.00200000
v 0.00000000 -0.02248000 0.00200000
v 0.02251000 -0.02248000 0.00200000
v 0.02251000 -0.02248000 0.00200000
v 0.02252000 -0.02248000 0.00000000
v 0.02252000 -0.02248000 0.00000000
v 0.02252000 -0.02248000 0.00000000
v 0.02252000 -0.02248000 0.00200000
v 0.02252000 -0.02248000 0.00200000
v 0.02252000 -0.02248000 0.00200000
v 0.02252000 -0.01123000 0.00200000
v 0.02252000 -0.01123000 0.00200000
v 0.02252000 0.00000000 0.00000000
v 0.02252000 0.00000000 0.00000000
v 0.02252000 0.00000000 0.00000000
v 0.02252000 0.00000000 0.00200000
v 0.02252000 0.00000000 0.00200000
v 0.02252000 0.00000000 0.00200000
v 0.04500000 0.00000000 0.00200000
v 0.04500000 0.00000000 0.00200000
v 0.04500000 0.00000000 0.00200000
v 0.04500000 0.00000000 0.00000000
v 0.04500000 0.00000000 0.00000000
v 0.04500000 0.00000000 0.00000000
v 0.04500000 -0.02248000 0.00000000
v 0.04500000 -0.02248000 0.00000000
v 0.04500000 -0.02248000 0.00000000
v 0.04500000 -0.01123000 0.00200000
v 0.04500000 -0.01123000 0.00200000
v 0.04500000 -0.02248000 0.00200000
v 0.04500000 -0.02248000 0.00200000
v 0.04500000 -0.02248000 0.00200000
v 0.06752000 -0.02248000 0.00000000
v 0.06752000 -0.02248000 0.00000000
v 0.06752000 -0.02248000 0.00000000
v 0.04501000 -0.02248000 0.00200000
v 0.04501000 -0.02248000 0.00200000
v 0.06751000 -0.02248000 0.00200000
v 0.06751000 -0.02248000 0.00200000
v 0.06752000 -0.02248000 0.00200000
v 0.06752000 -0.02248000 0.00200000
v 0.06752000 -0.02248000 0.00200000
v 0.06752000 -0.01123000 0.00200000
v 0.06752000 -0.01123000 0.00200000
v 0.06752000 0.00000000 0.00000000
v 0.06752000 0.00000000 0.00000000
v 0.06752000 0.00000000 0.00000000
v 0.06752000 0.00000000 0.00200000
v 0.06752000 0.00000000 0.00200000
v 0.06752000 0.00000000 0.00200000
v 0.09000000 0.00000000 0.00200000
v 0.09000000 0.00000000 0.00200000
v 0.09000000 0.00000000 0.00200000
v 0.09000000 0.00000000 0.00000000
v 0.09000000 0.00000000 0.00000000
v 0.09000000 0.00000000 0.00000000
v 0.09000000 -0.02248000 0.00000000
v 0.09000000 -0.02248000 0.00000000
v 0.09000000 -0.02248000 0.00000000
v 0.09000000 -0.01123000 0.00200000
v 0.09000000 -0.01123000 0.00200000
v 0.09000000 -0.02248000 0.00200000
v 0.09000000 -0.02248000 0.00200000
v 0.09000000 -0.02248000 0.00200000
v 0.11252000 -0.02248000 0.00000000
v 0.11252000 -0.02248000 0.00000000
v 0.11252000 -0.02248000 0.00000000
v 0.09001000 -0.02248000 0.00200000
v 0.09001000 -0.02248000 0.00200000
v 0.11251000 -0.02248000 0.00200000
v 0.11251000 -0.02248000 0.00200000
v 0.11252000 -0.02248000 0.00200000
v 0.11252000 -0.02248000 0.00200000
v 0.11252000 -0.02248000 0.00200000
v 0.11252000 -0.01123000 0.00200000
v 0.11252000 -0.01123000 0.00200000
v 0.11252000 0.00000000 0.00000000
v 0.11252000 0.00000000 0.00000000
v 0.11252000 0.00000000 0.00000000
v 0.11252000 0.00000000 0.00200000
v 0.11252000 0.00000000 0.00200000
v 0.11252000 0.00000000 0.00200000
v 0.13500000 0.00000000 0.00200000
v 0.13500000 0.00000000 0.00200000
v 0.13500000 0.00000000 0.00200000
v 0.13500000 0.00000000 0.00000000
v 0.13500000 0.00000000 0.00000000
v 0.13500000 0.00000000 0.00000000
v 0.13500000 -0.02248000 0.00000000
v 0.13500000 -0.02248000 0.00000000
v 0.13500000 -0.02248000 0.00000000
v 0.13500000 -0.01123000 0.00200000
v 0.13500000 -0.01123000 0.00200000
v 0.13500000 -0.02248000 0.00200000
v 0.13500000 -0.02248000 0.00200000
v 0.13500000 -0.02248000 0.00200000
v 0.15750000 -0.02248000 0.00000000
v 0.15750000 -0.02248000 0.00000000
v 0.15750000 -0.02248000 0.00000000
v 0.15750000 -0.02248000 0.00200000
v 0.15750000 -0.02248000 0.00200000
v 0.15750000 -0.02248000 0.00200000
v 0.15750000 0.00002000 0.00000000
v 0.15750000 0.00002000 0.00000000
v 0.15750000 0.00002000 0.00000000
v 0.15750000 -0.01123000 0.00200000
v 0.15750000 -0.01123000 0.00200000
v 0.15750000 0.00002000 0.00200000
v 0.15750000 0.00002000 0.00200000
v 0.15750000 0.00002000 0.00200000
v 0.13502000 0.00002000 0.00200000
v 0.13502000 0.00002000 0.00200000
v 0.13502000 0.00002000 0.00200000
v 0.13502000 0.00002000 0.00000000
v 0.13502000 0.00002000 0.00000000
v 0.13502000 0.00002000 0.00000000
v 0.13502000 0.02250000 0.00200000
v 0.13502000 0.02250000 0.00200000
v 0.13502000 0.02250000 0.00200000
v 0.13502000 0.02250000 0.00000000
v 0.13502000 0.02250000 0.00000000
v 0.13502000 0.02250000 0.00000000
v 0.15750000 0.02250000 0.00200000
v 0.15750000 0.02250000 0.00200000
v 0.15750000 0.02250000 0.00200000
v 0.15750000 0.02250000 0.00000000
v 0.15750000 0.02250000 0.00000000
v 0.15750000 0.02250000 0.00000000
v 0.15750000 0.04502000 0.00000000
v 0.15750000 0.04502000 0.00000000
v 0.15750000 0.04502000 0.00000000
v 0.15750000 0.02251000 0.00200000
v 0.15750000 0.02251000 0.00200000
v 0.15750000 0.04501000 0.00200000
v 0.15750000 0.04501000 0.00200000
v 0.15750000 0.04502000 0.00200000
v 0.15750000 0.04502000 0.00200000
v 0.15750000 0.04502000 0.00200000
v 0.13502000 0.04502000 0.00200000
v 0.13502000 0.04502000 0.00200000
v 0.13502000 0.04502000 0.00200000
v 0.13502000 0.04502000 0.00000000
v 0.13502000 0.04502000 0.00000000
v 0.13502000 0.04502000 0.00000000
v 0.13502000 0.06750000 0.00200000
v 0.13502000 0.06750000 0.00200000
v 0.13502000 0.06750000 0.00200000
v 0.13502000 0.06750000 0.00000000
v 0.13502000 0.06750000 0.00000000
v 0.13502000 0.06750000 0.00000000
v 0.15750000 0.06750000 0.00200000
v 0.15750000 0.06750000 0.00200000
v 0.15750000 0.06750000 0.00200000
v 0.15750000 0.06750000 0.00000000
v 0.15750000 0.06750000 0.00000000
v 0.15750000 0.06750000 0.00000000
v 0.15750000 0.09002000 0.00000000
v 0.15750000 0.09002000 0.00000000
v 0.15750000 0.09002000 0.00000000
v 0.15750000 0.06751000 0.00200000
v 0.15750000 0.06751000 0.00200000
v 0.15750000 0.09001000 0.00200000
v 0.15750000 0.09001000 0.00200000
v 0.15750000 0.09002000 0.00200000
v 0.15750000 0.09002000 0.00200000
v 0.15750000 0.09002000 0.00200000
v 0.13502000 0.09002000 0.00200000
v 0.13502000 0.09002000 0.00200000
v 0.13502000 0.09002000 0.00200000
v 0.13502000 0.09002000 0.00000000
v 0.13502000 0.09002000 0.00000000
v 0.13502000 0.09002000 0.00000000
v 0.13502000 0.11250000 0.00200000
v 0.13502000 0.11250000 0.00200000
v 0.13502000 0.11250000 0.00200000
v 0.13502000 0.11250000 0.00000000
v 0.13502000 0.11250000 0.00000000
v 0.13502000 0.11250000 0.00000000
v 0.15750000 0.11250000 0.00200000
v 0.15750000 0.11250000 0.00200000
v 0.15750000 0.11250000 0.00200000
v 0.15750000 0.11250000 0.00000000
v 0.15750000 0.11250000 0.00000000
v 0.15750000 0.11250000 0.00000000
v 0.15750000 0.11251000 0.00200000
v 0.15750000 0.11251000 0.00200000
v 0.15750000 0.13502000 0.00000000
v 0.15750000 0.13502000 0.00000000
v 0.15750000 0.13502000 0.00000000
v 0.15750000 0.13502000 0.00200000
v 0.15750000 0.13502000 0.00200000
v 0.15750000 0.13502000 0.00200000
v 0.13502000 0.13502000 0.00000000
v 0.13502000 0.13502000 0.00000000
v 0.13502000 0.13502000 0.00000000
v 0.13502000 0.13502000 0.00200000
v 0.13502000 0.13502000 0.00200000
v 0.13502000 0.13502000 0.00200000
v 0.16750000 0.15750000 0.00000000
v 0.16750000 0.15750000 0.00000000
v 0.16750000 0.15750000 0.00000000
v 0.16663500 -0.02654740 0.00000000
v 0.16663500 -0.02654740 0.00000000
v 0.16616000 -0.02748000 0.00000000
v 0.16616000 -0.02748000 0.00000000
v 0.16744500 -0.02352530 0.00000000
v 0.16744500 -0.02352530 0.00000000
v 0.16728100 -0.02455910 0.00000000
v 0.16728100 -0.02455910 0.00000000
v 0.15854500 -0.03242520 0.00000000
v 0.15854500 -0.03242520 0.00000000
v 0.15750000 -0.03248000 0.00000000
v 0.15750000 -0.03248000 0.00000000
v 0.15750000 -0.03248000 0.00000000
v 0.16059000 -0.03199060 0.00000000
v 0.16059000 -0.03199060 0.00000000
v 0.15957900 -0.03226150 0.00000000
v 0.15957900 -0.03226150 0.00000000
v 0.16559000 -0.02835790 0.00000000
v 0.16559000 -0.02835790 0.00000000
v 0.16701100 -0.02557020 0.00000000
v 0.16701100 -0.02557020 0.00000000
v 0.16156700 -0.03161550 0.00000000
v 0.16156700 -0.03161550 0.00000000
v 0.16337800 -0.03057020 0.00000000
v 0.16337800 -0.03057020 0.00000000
v 0.16250000 -0.03114030 0.00000000
v 0.16250000 -0.03114030 0.00000000
v 0.16750000 -0.02248000 0.00000000
v 0.16750000 -0.02248000 0.00000000
v 0.16750000 -0.02248000 0.00000000
v 0.16493100 -0.02917130 0.00000000
v 0.16493100 -0.02917130 0.00000000
v 0.16419100 -0.02991140 0.00000000
v 0.16419100 -0.02991140 0.00000000
v -0.03242520 -0.02352530 0.00000000
v -0.03242520 -0.02352530 0.00000000
v -0.03248000 -0.02248000 0.00000000
v -0.03248000 -0.02248000 0.00000000
v -0.02455910 -0.03226150 0.00000000
v -0.02455910 -0.03226150 0.00000000
v -0.02557020 -0.03199060 0.00000000
v -0.02557020 -0.03199060 0.00000000
v -0.03226150 -0.02455910 0.00000000
v -0.03226150 -0.02455910 0.00000000
v -0.03161550 -0.02654740 0.00000000
v -0.03161550 -0.02654740 0.00000000
v -0.03199060 -0.02557020 0.00000000
v -0.03199060 -0.02557020 0.00000000
v -0.02654740 -0.03161550 0.00000000
v -0.02654740 -0.03161550 0.00000000
v -0.02557020 0.16701100 0.00000000
v -0.02557020 0.16701100 0.00000000
v -0.02455910 0.16728100 0.00000000
v -0.02455910 0.16728100 0.00000000
v -0.02835790 -0.03057020 0.00000000
v -0.02835790 -0.03057020 0.00000000
v -0.02917130 -0.02991140 0.00000000
v -0.02917130 -0.02991140 0.00000000
v -0.02748000 -0.03114030 0.00000000
v -0.02748000 -0.03114030 0.00000000
v -0.02248000 -0.03248000 0.00000000
v -0.02248000 -0.03248000 0.00000000
v -0.02248000 -0.03248000 0.00000000
v -0.02654740 0.16663500 0.00000000
v -0.02654740 0.16663500 0.00000000
v -0.03114030 -0.02748000 0.00000000
v -0.03114030 -0.02748000 0.00000000
v -0.02991140 -0.02917130 0.00000000
v -0.02991140 -0.02917130 0.00000000
v -0.03057020 -0.02835790 0.00000000
v -0.03057020 -0.02835790 0.00000000
v -0.02352530 -0.03242520 0.00000000
v -0.02352530 -0.03242520 0.00000000
v -0.02748000 0.16616000 0.00000000
v -0.02748000 0.16616000 0.00000000
v -0.02917130 0.16493100 0.00000000
v -0.02917130 0.16493100 0.00000000
v -0.02835790 0.16559000 0.00000000
v -0.02835790 0.16559000 0.00000000
v -0.02352530 0.16744500 0.00000000
v -0.02352530 0.16744500 0.00000000
v -0.02248000 0.16750000 0.00000000
v -0.02248000 0.16750000 0.00000000
v -0.02248000 0.16750000 0.00000000
v 0.15854500 0.16744500 0.00000000
v 0.15854500 0.16744500 0.00000000
v 0.16419100 0.16493100 0.00000000
v 0.16419100 0.16493100 0.00000000
v 0.16493100 0.16419100 0.00000000
v 0.16493100 0.16419100 0.00000000
v 0.16250000 0.16616000 0.00000000
v 0.16250000 0.16616000 0.00000000
v 0.16337800 0.16559000 0.00000000
v 0.16337800 0.16559000 0.00000000
v 0.16156700 0.16663500 0.00000000
v 0.16156700 0.16663500 0.00000000
v 0.15957900 0.16728100 0.00000000
v 0.15957900 0.16728100 0.00000000
v 0.16059000 0.16701100 0.00000000
v 0.16059000 0.16701100 0.00000000
v 0.16663500 0.16156700 0.00000000
v 0.16663500 0.16156700 0.00000000
v 0.16701100 0.16059000 0.00000000
v 0.16701100 0.16059000 0.00000000
v 0.16559000 0.16337800 0.00000000
v 0.16559000 0.16337800 0.00000000
v 0.16616000 0.16250000 0.00000000
v 0.16616000 0.16250000 0.00000000
v -0.03057020 0.16337800 0.00000000
v -0.03057020 0.16337800 0.00000000
v -0.02991140 0.16419100 0.00000000
v -0.02991140 0.16419100 0.00000000
v 0.16728100 0.15957900 0.00000000
v 0.16728100 0.15957900 0.00000000
v -0.03114030 0.16250000 0.00000000
v -0.03114030 0.16250000 0.00000000
v -0.03226150 0.15957900 0.00000000
v -0.03226150 0.15957900 0.00000000
v -0.03199060 0.16059000 0.00000000
v -0.03199060 0.16059000 0.00000000
v -0.03248000 0.15750000 0.00000000
v -0.03248000 0.15750000 0.00000000
v -0.03248000 0.15750000 0.00000000
v -0.03242520 0.15854500 0.00000000
v -0.03242520 0.15854500 0.00000000
v 0.16744500 0.15854500 0.00000000
v 0.16744500 0.15854500 0.00000000
v -0.03161550 0.16156700 0.00000000
v -0.03161550 0.16156700 0.00000000
v 0.15750000 0.16750000 0.00000000
v 0.15750000 0.16750000 0.00000000
v 0.15750000 0.16750000 0.00000000
v 0.16750000 0.15750000 0.01000000
v 0.16750000 0.15750000 0.01000000
v 0.16750000 0.15750000 0.01000000
v 0.16750000 -0.02248000 0.01000000
v 0.16750000 -0.02248000 0.01000000
v 0.16750000 -0.02248000 0.01000000
v 0.15854500 0.16744500 0.01000000
v 0.15854500 0.16744500 0.01000000
v 0.16419100 0.16493100 0.01000000
v 0.16419100 0.16493100 0.01000000
v 0.16337800 0.16559000 0.01000000
v 0.16337800 0.16559000 0.01000000
v 0.16156700 0.16663500 0.01000000
v 0.16156700 0.16663500 0.01000000
v 0.16059000 0.16701100 0.01000000
v 0.16059000 0.16701100 0.01000000
v 0.15957900 0.16728100 0.01000000
v 0.15957900 0.16728100 0.01000000
v 0.16493100 0.16419100 0.01000000
v 0.16493100 0.16419100 0.01000000
v 0.16250000 0.16616000 0.01000000
v 0.16250000 0.16616000 0.01000000
v 0.16559000 0.16337800 0.01000000
v 0.16559000 0.16337800 0.01000000
v 0.16663500 0.16156700 0.01000000
v 0.16663500 0.16156700 0.01000000
v 0.16616000 0.16250000 0.01000000
v 0.16616000 0.16250000 0.01000000
v 0.16728100 0.15957900 0.01000000
v 0.16728100 0.15957900 0.01000000
v 0.16701100 0.16059000 0.01000000
v 0.16701100 0.16059000 0.01000000
v 0.16493100 -0.02917130 0.01000000
v 0.16493100 -0.02917130 0.01000000
v 0.16701100 -0.02557020 0.01000000
v 0.16701100 -0.02557020 0.01000000
v 0.16728100 -0.02455910 0.01000000
v 0.16728100 -0.02455910 0.01000000
v 0.16744500 -0.02352530 0.01000000
v 0.16744500 -0.02352530 0.01000000
v 0.15854500 -0.03242520 0.01000000
v 0.15854500 -0.03242520 0.01000000
v 0.15957900 -0.03226150 0.01000000
v 0.15957900 -0.03226150 0.01000000
v -0.03248000 0.15750000 0.01000000
v -0.03248000 0.15750000 0.01000000
v -0.03248000 0.15750000 0.01000000
v -0.02917130 0.16493100 0.01000000
v -0.02917130 0.16493100 0.01000000
v -0.02991140 0.16419100 0.01000000
v -0.02991140 0.16419100 0.01000000
v 0.16744500 0.15854500 0.01000000
v 0.16744500 0.15854500 0.01000000
v 0.16663500 -0.02654740 0.01000000
v 0.16663500 -0.02654740 0.01000000
v 0.16559000 -0.02835790 0.01000000
v 0.16559000 -0.02835790 0.01000000
v 0.15750000 -0.03248000 0.01000000
v 0.15750000 -0.03248000 0.01000000
v 0.15750000 -0.03248000 0.01000000
v -0.02455910 -0.03226150 0.01000000
v -0.02455910 -0.03226150 0.01000000
v -0.02748000 -0.03114030 0.01000000
v -0.02748000 -0.03114030 0.01000000
v -0.02654740 -0.03161550 0.01000000
v -0.02654740 -0.03161550 0.01000000
v -0.02248000 -0.03248000 0.01000000
v -0.02248000 -0.03248000 0.01000000
v -0.02248000 -0.03248000 0.01000000
v -0.03226150 -0.02455910 0.01000000
v -0.03226150 -0.02455910 0.01000000
v -0.03199060 -0.02557020 0.01000000
v -0.03199060 -0.02557020 0.01000000
v -0.03248000 -0.02248000 0.01000000
v -0.03248000 -0.02248000 0.01000000
v -0.03242520 -0.02352530 0.01000000
v -0.03242520 -0.02352530 0.01000000
v -0.03161550 0.16156700 0.01000000
v -0.03161550 0.16156700 0.01000000
v -0.03226150 0.15957900 0.01000000
v -0.03226150 0.15957900 0.01000000
v -0.03242520 0.15854500 0.01000000
v -0.03242520 0.15854500 0.01000000
v -0.03057020 0.16337800 0.01000000
v -0.03057020 0.16337800 0.01000000
v 0.16616000 -0.02748000 0.01000000
v 0.16616000 -0.02748000 0.01000000
v 0.16337800 -0.03057020 0.01000000
v 0.16337800 -0.03057020 0.01000000
v 0.16419100 -0.02991140 0.01000000
v 0.16419100 -0.02991140 0.01000000
v 0.16156700 -0.03161550 0.01000000
v 0.16156700 -0.03161550 0.01000000
v 0.16250000 -0.03114030 0.01000000
v 0.16250000 -0.03114030 0.01000000
v 0.16059000 -0.03199060 0.01000000
v 0.16059000 -0.03199060 0.01000000
v -0.02835790 -0.03057020 0.01000000
v -0.02835790 -0.03057020 0.01000000
v -0.02991140 -0.02917130 0.01000000
v -0.02991140 -0.02917130 0.01000000
v -0.02917130 -0.02991140 0.01000000
v -0.02917130 -0.02991140 0.01000000
v -0.03199060 0.16059000 0.01000000
v -0.03199060 0.16059000 0.01000000
v -0.03114030 0.16250000 0.01000000
v -0.03114030 0.16250000 0.01000000
v -0.02352530 0.16744500 0.01000000
v -0.02352530 0.16744500 0.01000000
v -0.02455910 0.16728100 0.01000000
v -0.02455910 0.16728100 0.01000000
v -0.02352530 -0.03242520 0.01000000
v -0.02352530 -0.03242520 0.01000000
v -0.03114030 -0.02748000 0.01000000
v -0.03114030 -0.02748000 0.01000000
v -0.03057020 -0.02835790 0.01000000
v -0.03057020 -0.02835790 0.01000000
v -0.03161550 -0.02654740 0.01000000
v -0.03161550 -0.02654740 0.01000000
v -0.02748000 0.16616000 0.01000000
v -0.02748000 0.16616000 0.01000000
v -0.02835790 0.16559000 0.01000000
v -0.02835790 0.16559000 0.01000000
v -0.02557020 0.16701100 0.01000000
v -0.02557020 0.16701100 0.01000000
v 0.15750000 0.16750000 0.01000000
v 0.15750000 0.16750000 0.01000000
v 0.15750000 0.16750000 0.01000000
v -0.02557020 -0.03199060 0.01000000
v -0.02557020 -0.03199060 0.01000000
v -0.02654740 0.16663500 0.01000000
v -0.02654740 0.16663500 0.01000000
v -0.02248000 0.16750000 0.01000000
v -0.02248000 0.16750000 0.01000000
v -0.02248000 0.16750000 0.01000000
v 0.04500000 0.13500000 0.00200000
v 0.04500000 0.13500000 0.00200000
v 0.04500000 0.13500000 0.00200000
v 0.02252000 0.13500000 0.00200000
v 0.02252000 0.13500000 0.00200000
v 0.02252000 0.13500000 0.00200000
v 0.04500000 0.11252000 0.00200000
v 0.04500000 0.11252000 0.00200000
v 0.04500000 0.11252000 0.00200000
v 0.02252000 0.11252000 0.00200000
v 0.02252000 0.11252000 0.00200000
v 0.02252000 0.11252000 0.00200000
v 0.09000000 0.13500000 0.00200000
v 0.09000000 0.13500000 0.00200000
v 0.09000000 0.13500000 0.00200000
v 0.06752000 0.13500000 0.00200000
v 0.06752000 0.13500000 0.00200000
v 0.06752000 0.13500000 0.00200000
v 0.09000000 0.11252000 0.00200000
v 0.09000000 0.11252000 0.00200000
v 0.09000000 0.11252000 0.00200000
v 0.06752000 0.11252000 0.00200000
v 0.06752000 0.11252000 0.00200000
v 0.06752000 0.11252000 0.00200000
v 0.00002000 0.11250000 0.00200000
v 0.00002000 0.11250000 0.00200000
v 0.00002000 0.11250000 0.00200000
v 0.02250000 0.11250000 0.00200000
v 0.02250000 0.11250000 0.00200000
v 0.02250000 0.11250000 0.00200000
v 0.02250000 0.09002000 0.00200000
v 0.02250000 0.09002000 0.00200000
v 0.02250000 0.09002000 0.00200000
v 0.00002000 0.09002000 0.00200000
v 0.00002000 0.09002000 0.00200000
v 0.00002000 0.09002000 0.00200000
v 0.04502000 0.11250000 0.00200000
v 0.04502000 0.11250000 0.00200000
v 0.04502000 0.11250000 0.00200000
v 0.06750000 0.11250000 0.00200000
v 0.06750000 0.11250000 0.00200000
v 0.06750000 0.11250000 0.00200000
v 0.06750000 0.09002000 0.00200000
v 0.06750000 0.09002000 0.00200000
v 0.06750000 0.09002000 0.00200000
v 0.04502000 0.09002000 0.00200000
v 0.04502000 0.09002000 0.00200000
v 0.04502000 0.09002000 0.00200000
v 0.09002000 0.11250000 0.00200000
v 0.09002000 0.11250000 0.00200000
v 0.09002000 0.11250000 0.00200000
v 0.11250000 0.11250000 0.00200000
v 0.11250000 0.11250000 0.00200000
v 0.11250000 0.11250000 0.00200000
v 0.11250000 0.09002000 0.00200000
v 0.11250000 0.09002000 0.00200000
v 0.11250000 0.09002000 0.00200000
v 0.09002000 0.09002000 0.00200000
v 0.09002000 0.09002000 0.00200000
v 0.09002000 0.09002000 0.00200000
v 0.02252000 0.09000000 0.00200000
v 0.02252000 0.09000000 0.00200000
v 0.02252000 0.09000000 0.00200000
v 0.04500000 0.09000000 0.00200000
v 0.04500000 0.09000000 0.00200000
v 0.04500000 0.09000000 0.00200000
v 0.04500000 0.06752000 0.00200000
v 0.04500000 0.06752000 0.00200000
v 0.04500000 0.06752000 0.00200000
v 0.02252000 0.06752000 0.00200000
v 0.02252000 0.06752000 0.00200000
v 0.02252000 0.06752000 0.00200000
v 0.06752000 0.09000000 0.00200000
v 0.06752000 0.09000000 0.00200000
v 0.06752000 0.09000000 0.00200000
v 0.09000000 0.09000000 0.00200000
v 0.09000000 0.09000000 0.00200000
v 0.09000000 0.09000000 0.00200000
v 0.09000000 0.06752000 0.00200000
v 0.09000000 0.06752000 0.00200000
v 0.09000000 0.06752000 0.00200000
v 0.06752000 0.06752000 0.00200000
v 0.06752000 0.06752000 0.00200000
v 0.06752000 0.06752000 0.00200000
v 0.11252000 0.09000000 0.00200000
v 0.11252000 0.09000000 0.00200000
v 0.11252000 0.09000000 0.00200000
v 0.13500000 0.09000000 0.00200000
v 0.13500000 0.09000000 0.00200000
v 0.13500000 0.09000000 0.00200000
v 0.13500000 0.06752000 0.00200000
v 0.13500000 0.06752000 0.00200000
v 0.13500000 0.06752000 0.00200000
v 0.11252000 0.06752000 0.00200000
v 0.11252000 0.06752000 0.00200000
v 0.11252000 0.06752000 0.00200000
v 0.00002000 0.06750000 0.00200000
v 0.00002000 0.06750000 0.00200000
v 0.00002000 0.06750000 0.00200000
v 0.02250000 0.06750000 0.00200000
v 0.02250000 0.06750000 0.00200000
v 0.02250000 0.06750000 0.00200000
v 0.02250000 0.04502000 0.00200000
v 0.02250000 0.04502000 0.00200000
v 0.02250000 0.04502000 0.00200000
v 0.00002000 0.04502000 0.00200000
v 0.00002000 0.04502000 0.00200000
v 0.00002000 0.04502000 0.00200000
v 0.04502000 0.06750000 0.00200000
v 0.04502000 0.06750000 0.00200000
v 0.04502000 0.06750000 0.00200000
v 0.04502000 0.04502000 0.00200000
v 0.04502000 0.04502000 0.00200000
v 0.04502000 0.04502000 0.00200000
v 0.06750000 0.06750000 0.00200000
v 0.06750000 0.06750000 0.00200000
v 0.06750000 0.06750000 0.00200000
v 0.06750000 0.04502000 0.00200000
v 0.06750000 0.04502000 0.00200000
v 0.06750000 0.04502000 0.00200000
v 0.09002000 0.06750000 0.00200000
v 0.09002000 0.06750000 0.00200000
v 0.09002000 0.06750000 0.00200000
v 0.09002000 0.04502000 0.00200000
v 0.09002000 0.04502000 0.00200000
v 0.09002000 0.04502000 0.00200000
v 0.11250000 0.06750000 0.00200000
v 0.11250000 0.06750000 0.00200000
v 0.11250000 0.06750000 0.00200000
v 0.11250000 0.04502000 0.00200000
v 0.11250000 0.04502000 0.00200000
v 0.11250000 0.04502000 0.00200000
v 0.02252000 0.04500000 0.00200000
v 0.02252000 0.04500000 0.00200000
v 0.02252000 0.04500000 0.00200000
v 0.04500000 0.04500000 0.00200000
v 0.04500000 0.04500000 0.00200000
v 0.04500000 0.04500000 0.00200000
v 0.04500000 0.02252000 0.00200000
v 0.04500000 0.02252000 0.00200000
v 0.04500000 0.02252000 0.00200000
v 0.02252000 0.02252000 0.00200000
v 0.02252000 0.02252000 0.00200000
v 0.02252000 0.02252000 0.00200000
v 0.06752000 0.04500000 0.00200000
v 0.06752000 0.04500000 0.00200000
v 0.06752000 0.04500000 0.00200000
v 0.09000000 0.04500000 0.00200000
v 0.09000000 0.04500000 0.00200000
v 0.09000000 0.04500000 0.00200000
v 0.09000000 0.02252000 0.00200000
v 0.09000000 0.02252000 0.00200000
v 0.09000000 0.02252000 0.00200000
v 0.06752000 0.02252000 0.00200000
v 0.06752000 0.02252000 0.00200000
v 0.06752000 0.02252000 0.00200000
v 0.11252000 0.04500000 0.00200000
v 0.11252000 0.04500000 0.00200000
v 0.11252000 0.04500000 0.00200000
v 0.13500000 0.04500000 0.00200000
v 0.13500000 0.04500000 0.00200000
v 0.13500000 0.04500000 0.00200000
v 0.13500000 0.02252000 0.00200000
v 0.13500000 0.02252000 0.00200000
v 0.13500000 0.02252000 0.00200000
v 0.11252000 0.02252000 0.00200000
v 0.11252000 0.02252000 0.00200000
v 0.11252000 0.02252000 0.00200000
v 0.06750000 0.02250000 0.00200000
v 0.06750000 0.02250000 0.00200000
v 0.06750000 0.02250000 0.00200000
v 0.04502000 0.02250000 0.00200000
v 0.04502000 0.02250000 0.00200000
v 0.04502000 0.02250000 0.00200000
v 0.06750000 0.00002000 0.00200000
v 0.06750000 0.00002000 0.00200000
v 0.06750000 0.00002000 0.00200000
v 0.04502000 0.00002000 0.00200000
v 0.04502000 0.00002000 0.00200000
v 0.04502000 0.00002000 0.00200000
v 0.11250000 0.02250000 0.00200000
v 0.11250000 0.02250000 0.00200000
v 0.11250000 0.02250000 0.00200000
v 0.09002000 0.02250000 0.00200000
v 0.09002000 0.02250000 0.00200000
v 0.09002000 0.02250000 0.00200000
v 0.11250000 0.00002000 0.00200000
v 0.11250000 0.00002000 0.00200000
v 0.11250000 0.00002000 0.00200000
v 0.09002000 0.00002000 0.00200000
v 0.09002000 0.00002000 0.00200000
v 0.09002000 0.00002000 0.00200000
v 0.00002000 0.02250000 0.00200000
v 0.00002000 0.02250000 0.00200000
v 0.00002000 0.02250000 0.00200000
v 0.00002000 0.00002000 0.00200000
v 0.00002000 0.00002000 0.00200000
v 0.00002000 0.00002000 0.00200000
v 0.02250000 0.00002000 0.00200000
v 0.02250000 0.00002000 0.00200000
v 0.02250000 0.00002000 0.00200000
v 0.02250000 0.02250000 0.00200000
v 0.02250000 0.02250000 0.00200000
v 0.02250000 0.02250000 0.00200000
v 0.13500000 0.11252000 0.00200000
v 0.13500000 0.11252000 0.00200000
v 0.13500000 0.11252000 0.00200000
v 0.13500000 0.13500000 0.00200000
v 0.13500000 0.13500000 0.00200000
v 0.13500000 0.13500000 0.00200000
v 0.11252000 0.13500000 0.00200000
v 0.11252000 0.13500000 0.00200000
v 0.11252000 0.13500000 0.00200000
v 0.11252000 0.11252000 0.00200000
v 0.11252000 0.11252000 0.00200000
v 0.11252000 0.11252000 0.00200000
v 0.04501000 0.11251000 0.00200000
v 0.02251000 0.11251000 0.00200000
v 0.09001000 0.11251000 0.00200000
v 0.06751000 0.11251000 0.00200000
v -0.01123000 0.11251000 0.00200000
v -0.01123000 0.09001000 0.00200000
v 0.02251000 0.09001000 0.00200000
v 0.04501000 0.09001000 0.00200000
v 0.06751000 0.09001000 0.00200000
v 0.09001000 0.09001000 0.00200000
v 0.11251000 0.11251000 0.00200000
v 0.11251000 0.09001000 0.00200000
v 0.02251000 0.06751000 0.00200000
v 0.04501000 0.06751000 0.00200000
v 0.06751000 0.06751000 0.00200000
v 0.09001000 0.06751000 0.00200000
v 0.11251000 0.06751000 0.00200000
v -0.01123000 0.06751000 0.00200000
v -0.01123000 0.04501000 0.00200000
v 0.02251000 0.04501000 0.00200000
v 0.04501000 0.04501000 0.00200000
v 0.06751000 0.04501000 0.00200000
v 0.09001000 0.04501000 0.00200000
v 0.11251000 0.04501000 0.00200000
v 0.02251000 0.02251000 0.00200000
v 0.04501000 0.02251000 0.00200000
v 0.06751000 0.02251000 0.00200000
v 0.09001000 0.02251000 0.00200000
v 0.11251000 0.02251000 0.00200000
v 0.06751000 -0.01123000 0.00200000
v 0.04501000 -0.01123000 0.00200000
v 0.11251000 -0.01123000 0.00200000
v 0.09001000 -0.01123000 0.00200000
v 0.02251000 -0.01123000 0.00200000
v -0.01123000 0.02251000 0.00200000
v 0.13500000 0.06752000 0.00000000
v 0.13500000 0.06752000 0.00000000
v 0.13500000 0.06752000 0.00000000
v 0.13500000 0.09000000 0.00000000
v 0.13500000 0.09000000 0.00000000
v 0.13500000 0.09000000 0.00000000
v 0.11252000 0.09000000 0.00000000
v 0.11252000 0.09000000 0.00000000
v 0.11252000 0.09000000 0.00000000
v 0.11252000 0.06752000 0.00000000
v 0.11252000 0.06752000 0.00000000
v 0.11252000 0.06752000 0.00000000
v 0.11250000 0.09002000 0.00000000
v 0.11250000 0.09002000 0.00000000
v 0.11250000 0.09002000 0.00000000
v 0.11250000 0.11250000 0.00000000
v 0.11250000 0.11250000 0.00000000
v 0.11250000 0.11250000 0.00000000
v 0.09002000 0.11250000 0.00000000
v 0.09002000 0.11250000 0.00000000
v 0.09002000 0.11250000 0.00000000
v 0.09002000 0.09002000 0.00000000
v 0.09002000 0.09002000 0.00000000
v 0.09002000 0.09002000 0.00000000
v 0.11250000 0.04502000 0.00000000
v 0.11250000 0.04502000 0.00000000
v 0.11250000 0.04502000 0.00000000
v 0.11250000 0.06750000 0.00000000
v 0.11250000 0.06750000 0.00000000
v 0.11250000 0.06750000 0.00000000
v 0.09002000 0.06750000 0.00000000
v 0.09002000 0.06750000 0.00000000
v 0.09002000 0.06750000 0.00000000
v 0.09002000 0.04502000 0.00000000
v 0.09002000 0.04502000 0.00000000
v 0.09002000 0.04502000 0.00000000
v 0.09000000 0.06752000 0.00000000
v 0.09000000 0.06752000 0.00000000
v 0.09000000 0.06752000 0.00000000
v 0.09000000 0.09000000 0.00000000
v 0.09000000 0.09000000 0.00000000
v 0.09000000 0.09000000 0.00000000
v 0.06752000 0.09000000 0.00000000
v 0.06752000 0.09000000 0.00000000
v 0.06752000 0.09000000 0.00000000
v 0.06752000 0.06752000 0.00000000
v 0.06752000 0.06752000 0.00000000
v 0.06752000 0.06752000 0.00000000
v 0.06750000 0.09002000 0.00000000
v 0.06750000 0.09002000 0.00000000
v 0.06750000 0.09002000 0.00000000
v 0.06750000 0.11250000 0.00000000
v 0.06750000 0.11250000 0.00000000
v 0.06750000 0.11250000 0.00000000
v 0.04502000 0.11250000 0.00000000
v 0.04502000 0.11250000 0.00000000
v 0.04502000 0.11250000 0.00000000
v 0.04502000 0.09002000 0.00000000
v 0.04502000 0.09002000 0.00000000
v 0.04502000 0.09002000 0.00000000
v 0.04500000 0.06752000 0.00000000
v 0.04500000 0.06752000 0.00000000
v 0.04500000 0.06752000 0.00000000
v 0.04500000 0.09000000 0.00000000
v 0.04500000 0.09000000 0.00000000
v 0.04500000 0.09000000 0.00000000
v 0.02252000 0.09000000 0.00000000
v 0.02252000 0.09000000 0.00000000
v 0.02252000 0.09000000 0.00000000
v 0.02252000 0.06752000 0.00000000
v 0.02252000 0.06752000 0.00000000
v 0.02252000 0.06752000 0.00000000
v 0.09000000 0.11252000 0.00000000
v 0.09000000 0.11252000 0.00000000
v 0.09000000 0.11252000 0.00000000
v 0.09000000 0.13500000 0.00000000
v 0.09000000 0.13500000 0.00000000
v 0.09000000 0.13500000 0.00000000
v 0.06752000 0.13500000 0.00000000
v 0.06752000 0.13500000 0.00000000
v 0.06752000 0.13500000 0.00000000
v 0.06752000 0.11252000 0.00000000
v 0.06752000 0.11252000 0.00000000
v 0.06752000 0.11252000 0.00000000
v 0.13500000 0.11252000 0.00000000
v 0.13500000 0.11252000 0.00000000
v 0.13500000 0.11252000 0.00000000
v 0.13500000 0.13500000 0.00000000
v 0.13500000 0.13500000 0.00000000
v 0.13500000 0.13500000 0.00000000
v 0.11252000 0.13500000 0.00000000
v 0.11252000 0.13500000 0.00000000
v 0.11252000 0.13500000 0.00000000
v 0.11252000 0.11252000 0.00000000
v 0.11252000 0.11252000 0.00000000
v 0.11252000 0.11252000 0.00000000
v 0.06750000 0.02250000 0.00000000
v 0.06750000 0.02250000 0.00000000
v 0.06750000 0.02250000 0.00000000
v 0.06750000 0.00002000 0.00000000
v 0.06750000 0.00002000 0.00000000
v 0.06750000 0.00002000 0.00000000
v 0.04502000 0.02250000 0.00000000
v 0.04502000 0.02250000 0.00000000
v 0.04502000 0.02250000 0.00000000
v 0.04502000 0.00002000 0.00000000
v 0.04502000 0.00002000 0.00000000
v 0.04502000 0.00002000 0.00000000
v 0.04500000 0.02252000 0.00000000
v 0.04500000 0.02252000 0.00000000
v 0.04500000 0.02252000 0.00000000
v 0.04500000 0.04500000 0.00000000
v 0.04500000 0.04500000 0.00000000
v 0.04500000 0.04500000 0.00000000
v 0.02252000 0.04500000 0.00000000
v 0.02252000 0.04500000 0.00000000
v 0.02252000 0.04500000 0.00000000
v 0.02252000 0.02252000 0.00000000
v 0.02252000 0.02252000 0.00000000
v 0.02252000 0.02252000 0.00000000
v 0.02250000 0.02250000 0.00000000
v 0.02250000 0.02250000 0.00000000
v 0.02250000 0.02250000 0.00000000
v 0.02250000 0.00002000 0.00000000
v 0.02250000 0.00002000 0.00000000
v 0.02250000 0.00002000 0.00000000
v 0.00002000 0.02250000 0.00000000
v 0.00002000 0.02250000 0.00000000
v 0.00002000 0.02250000 0.00000000
v 0.00002000 0.00002000 0.00000000
v 0.00002000 0.00002000 0.00000000
v 0.00002000 0.00002000 0.00000000
v 0.11250000 0.00002000 0.00000000
v 0.11250000 0.00002000 0.00000000
v 0.11250000 0.00002000 0.00000000
v 0.11250000 0.02250000 0.00000000
v 0.11250000 0.02250000 0.00000000
v 0.11250000 0.02250000 0.00000000
v 0.09002000 0.02250000 0.00000000
v 0.09002000 0.02250000 0.00000000
v 0.09002000 0.02250000 0.00000000
v 0.09002000 0.00002000 0.00000000
v 0.09002000 0.00002000 0.00000000
v 0.09002000 0.00002000 0.00000000
v 0.13500000 0.02252000 0.00000000
v 0.13500000 0.02252000 0.00000000
v 0.13500000 0.02252000 0.00000000
v 0.13500000 0.04500000 0.00000000
v 0.13500000 0.04500000 0.00000000
v 0.13500000 0.04500000 0.00000000
v 0.11252000 0.04500000 0.00000000
v 0.11252000 0.04500000 0.00000000
v 0.11252000 0.04500000 0.00000000
v 0.11252000 0.02252000 0.00000000
v 0.11252000 0.02252000 0.00000000
v 0.11252000 0.02252000 0.00000000
v 0.06750000 0.04502000 0.00000000
v 0.06750000 0.04502000 0.00000000
v 0.06750000 0.04502000 0.00000000
v 0.06750000 0.06750000 0.00000000
v 0.06750000 0.06750000 0.00000000
v 0.06750000 0.06750000 0.00000000
v 0.04502000 0.06750000 0.00000000
v 0.04502000 0.06750000 0.00000000
v 0.04502000 0.06750000 0.00000000
v 0.04502000 0.04502000 0.00000000
v 0.04502000 0.04502000 0.00000000
v 0.04502000 0.04502000 0.00000000
v 0.09000000 0.02252000 0.00000000
v 0.09000000 0.02252000 0.00000000
v 0.09000000 0.02252000 0.00000000
v 0.09000000 0.04500000 0.00000000
v 0.09000000 0.04500000 0.00000000
v 0.09000000 0.04500000 0.00000000
v 0.06752000 0.04500000 0.00000000
v 0.06752000 0.04500000 0.00000000
v 0.06752000 0.04500000 0.00000000
v 0.06752000 0.02252000 0.00000000
v 0.06752000 0.02252000 0.00000000
v 0.06752000 0.02252000 0.00000000
v 0.02250000 0.04502000 0.00000000
v 0.02250000 0.04502000 0.00000000
v 0.02250000 0.04502000 0.00000000
v 0.02250000 0.06750000 0.00000000
v 0.02250000 0.06750000 0.00000000
v 0.02250000 0.06750000 0.00000000
v 0.00002000 0.06750000 0.00000000
v 0.00002000 0.06750000 0.00000000
v 0.00002000 0.06750000 0.00000000
v 0.00002000 0.04502000 0.00000000
v 0.00002000 0.04502000 0.00000000
v 0.00002000 0.04502000 0.00000000
v 0.02250000 0.09002000 0.00000000
v 0.02250000 0.09002000 0.00000000
v 0.02250000 0.09002000 0.00000000
v 0.02250000 0.11250000 0.00000000
v 0.02250000 0.11250000 0.00000000
v 0.02250000 0.11250000 0.00000000
v 0.00002000 0.11250000 0.00000000
v 0.00002000 0.11250000 0.00000000
v 0.00002000 0.11250000 0.00000000
v 0.00002000 0.09002000 0.00000000
v 0.00002000 0.09002000 0.00000000
v 0.00002000 0.09002000 0.00000000
v 0.04500000 0.11252000 0.00000000
v 0.04500000 0.11252000 0.00000000
v 0.04500000 0.11252000 0.00000000
v 0.04500000 0.13500000 0.00000000
v 0.04500000 0.13500000 0.00000000
v 0.04500000 0.13500000 0.00000000
v 0.02252000 0.13500000 0.00000000
v 0.02252000 0.13500000 0.00000000
v 0.02252000 0.13500000 0.00000000
v 0.02252000 0.11252000 0.00000000
v 0.02252000 0.11252000 0.00000000
v 0.02252000 0.11252000 0.00000000
vn 1.00000000 -0.00000000 0.00000000
vn 0.00000000 0.00000000 -1.00000000
vn 0.00000000 1.00000000 0.00000000
vn 0.00000000 0.00000000 -1.00000000
vn 1.00000000 -0.00000000 0.00000000
vn 0.00000000 0.00000000 -1.00000000
vn 1.00000000 -0.00000000 0.00000000
vn 1.00000000 -0.00000000 0.00000000
vn 0.00000000 -1.00000000 0.00000000
vn 0.00000000 0.00000000 -1.00000000
vn 1.00000000 -0.00000000 0.00000000
vn 0.00000000 0.00000000 -1.00000000
vn 0.00000000 -1.00000000 0.00000000
vn 1.00000000 -0.00000000 0.00000000
vn 0.00000000 1.00000000 0.00000000
vn 0.00000000 0.00000000 -1.00000000
vn 0.00000000 1.00000000 0.00000000
vn 0.00000000 0.00000000 -1.00000000
vn 0.00000000 0.00000000 -1.00000000
vn 1.00000000 -0.00000000 0.00000000
vn 0.00000000 1.00000000 0.00000000
vn 0.00000000 1.00000000 0.00000000
vn 1.00000000 -0.00000000 0.00000000
vn 0.00000000 0.00000000 -1.00000000
vn 0.00000000 -1.00000000 0.00000000
vn 1.00000000 -0.00000000 0.00000000
vn 0.00000000 0.00000000 -1.00000000
vn 0.00000000 0.00000000 -1.00000000
vn 0.00000000 -1.00000000 0.00000000
vn 1.00000000 -0.00000000 0.00000000
vn 0.00000000 0.00000000 -1.00000000
vn 0.00000000 -1.00000000 0.00000000
vn 1.00000000 -0.00000000 0.00000000
vn 0.00000000 0.00000000 -1.00000000
vn 0.00000000 -1.00000000 0.00000000
vn 0.00000000 0.00000000 -1.00000000
vn 0.00000000 -1.00000000 0.00000000
vn 1.00000000 -0.00000000 0.00000000
vn 0.00000000 0.00000000 -1.00000000
vn 1.00000000 -0.00000000 0.00000000
vn 1.00000000 -0.00000000 0.00000000
vn 0.00000000 0.00000000 -1.00000000
vn 0.00000000 1.00000000 0.00000000
vn 0.00000000 0.00000000 -1.00000000
vn 1.00000000 -0.00000000 0.00000000
vn 0.00000000 1.00000000 0.00000000
vn 1.00000000 -0.00000000 0.00000000
vn 0.00000000 0.00000000 -1.00000000
vn 0.00000000 -1.00000000 0.00000000
vn 0.00000000 0.00000000 -1.00000000
vn 0.00000000 -1.00000000 0.00000000
vn 0.00000000 0.00000000 -1.00000000
vn 1.00000000 -0.00000000 0.00000000
vn 0.00000000 -1.00000000 0.00000000
vn 0.00000000 1.00000000 0.00000000
vn 1.00000000 -0.00000000 0.00000000
vn 0.00000000 0.00000000 -1.00000000
vn 1.00000000 -0.00000000 0.00000000
vn 0.00000000 1.00000000 0.00000000
vn 0.00000000 0.00000000 -1.00000000
vn 0.00000000 0.00000000 -1.00000000
vn 0.00000000 1.00000000 0.00000000
vn 1.00000000 -0.00000000 0.00000000
vn 0.00000000 0.00000000 -1.00000000
vn 0.00000000 1.00000000 0.00000000
vn 1.00000000 -0.00000000 0.00000000
vn 0.00000000 0.00000000 -1.00000000
vn 0.00000000 1.00000000 0.00000000
vn 0.00000000 0.00000000 -1.00000000
vn 1.00000000 -0.00000000 0.00000000
vn 1.00000000 -0.00000000 0.00000000
vn 0.00000000 0.00000000 -1.00000000
vn 1.00000000 -0.00000000 0.00000000
vn 0.00000000 0.00000000 -1.00000000
vn 0.00000000 -1.00000000 0.00000000
vn 0.00000000 -1.00000000 0.00000000
vn 0.00000000 0.00000000 -1.00000000
vn 1.00000000 -0.00000000 0.00000000
vn 0.00000000 -1.00000000 0.00000000
vn 0.00000000 0.00000000 -1.00000000
vn 1.00000000 0.00000000 0.00000000
vn 0.00000000 -1.00000000 0.00000000
vn 0.00000000 0.00000000 -1.00000000
vn 1.00000000 0.00000000 0.00000000
vn 0.00000000 0.00000000 -1.00000000
vn 0.00000000 -1.00000000 0.00000000
vn 0.00000000 1.00000000 0.00000000
vn 0.00000000 0.00000000 -1.00000000
vn 1.00000000 0.00000000 0.00000000
vn 0.00000000 0.00000000 -1.00000000
vn 0.00000000 1.00000000 0.00000000
vn 1.00000000 0.00000000 0.00000000
vn 0.00000000 1.00000000 0.00000000
vn 0.00000000 0.00000000 -1.00000000
vn 1.00000000 0.00000000 0.00000000
vn 1.00000000 0.00000000 0.00000000
vn 0.00000000 1.00000000 0.00000000
vn 0.00000000 0.00000000 -1.00000000
vn 0.00000000 1.00000000 0.00000000
vn 0.00000000 0.00000000 -1.00000000
vn 0.00000000 0.00000000 -1.00000000
vn 1.00000000 0.00000000 0.00000000
vn 0.00000000 -1.00000000 0.00000000
vn 1.00000000 0.00000000 0.00000000
vn 0.00000000 -1.00000000 0.00000000
vn 0.00000000 0.00000000 -1.00000000
vn 0.00000000 0.00000000 -1.00000000
vn 0.00000000 -1.00000000 0.00000000
vn -1.00000000 -0.00000000 0.00000000
vn 0.00000000 -1.00000000 0.00000000
vn 0.00000000 0.00000000 -1.00000000
vn 0.00000000 0.00000000 -1.00000000
vn -1.00000000 -0.00000000 0.00000000
vn 0.00000000 -1.00000000 0.00000000
vn 0.00000000 -1.00000000 0.00000000
vn -1.00000000 -0.00000000 0.00000000
vn 0.00000000 0.00000000 -1.00000000
vn 0.00000000 0.00000000 -1.00000000
vn 0.00000000 -1.00000000 0.00000000
vn -1.00000000 -0.00000000 0.00000000
vn 0.00000000 0.00000000 -1.00000000
vn 0.00000000 -1.00000000 0.00000000
vn 1.00000000 0.00000000 0.00000000
vn 0.00000000 0.00000000 -1.00000000
vn 0.00000000 -1.00000000 0.00000000
vn 1.00000000 0.00000000 0.00000000
vn 0.00000000 -1.00000000 0.00000000
vn 1.00000000 0.00000000 0.00000000
vn 0.00000000 0.00000000 -1.00000000
vn 0.00000000 -1.00000000 0.00000000
vn 1.00000000 0.00000000 0.00000000
vn 0.00000000 0.00000000 -1.00000000
vn 0.00000000 0.00000000 -1.00000000
vn 0.00000000 -1.00000000 0.00000000
vn 0.00000000 -1.00000000 0.00000000
vn 0.00000000 0.00000000 -1.00000000
vn -1.00000000 -0.00000000 0.00000000
vn 0.00000000 0.00000000 -1.00000000
vn 0.00000000 -1.00000000 0.00000000
vn 0.00000000 0.00000000 -1.00000000
vn -1.00000000 -0.00000000 0.00000000
vn 0.00000000 -1.00000000 0.00000000
vn 0.00000000 0.00000000 -1.00000000
vn -1.00000000 -0.00000000 0.00000000
vn 0.00000000 -1.00000000 0.00000000
vn -1.00000000 -0.00000000 0.00000000
vn 0.00000000 -1.00000000 0.00000000
vn 0.00000000 0.00000000 -1.00000000
vn 0.00000000 0.00000000 -1.00000000
vn 0.00000000 -1.00000000 0.00000000
vn 1.00000000 0.00000000 0.00000000
vn 0.00000000 -1.00000000 0.00000000
vn 1.00000000 0.00000000 0.00000000
vn 0.00000000 0.00000000 -1.00000000
vn 0.00000000 0.00000000 -1.00000000
vn 1.00000000 0.00000000 0.00000000
vn 0.00000000 -1.00000000 0.00000000
vn 1.00000000 0.00000000 0.00000000
vn 0.00000000 -1.00000000 0.00000000
vn 0.00000000 0.00000000 -1.00000000
vn 0.00000000 -1.00000000 0.00000000
vn 0.00000000 0.00000000 -1.00000000
vn 0.00000000 -1.00000000 0.00000000
vn 0.00000000 0.00000000 -1.00000000
vn -1.00000000 -0.00000000 0.00000000
vn 0.00000000 0.00000000 -1.00000000
vn 0.00000000 -1.00000000 0.00000000
vn -1.00000000 -0.00000000 0.00000000
vn 0.00000000 0.00000000 -1.00000000
vn 0.00000000 -1.00000000 0.00000000
vn -1.00000000 -0.00000000 0.00000000
vn 0.00000000 0.00000000 -1.00000000
vn 0.00000000 -1.00000000 0.00000000
vn -1.00000000 -0.00000000 0.00000000
vn 0.00000000 0.00000000 -1.00000000
vn 0.00000000 -1.00000000 0.00000000
vn 0.00000000 -1.00000000 0.00000000
vn 1.00000000 0.00000000 0.00000000
vn 0.00000000 0.00000000 -1.00000000
vn 0.00000000 0.00000000 -1.00000000
vn 0.00000000 -1.00000000 0.00000000
vn 1.00000000 0.00000000 0.00000000
vn 0.00000000 -1.00000000 0.00000000
vn 1.00000000 0.00000000 0.00000000
vn 0.00000000 0.00000000 -1.00000000
vn 1.00000000 0.00000000 0.00000000
vn 0.00000000 0.00000000 -1.00000000
vn 0.00000000 -1.00000000 0.00000000
vn 0.00000000 -1.00000000 0.00000000
vn 0.00000000 0.00000000 -1.00000000
vn -1.00000000 0.00000000 0.00000000
vn 0.00000000 -1.00000000 0.00000000
vn 0.00000000 0.00000000 -1.00000000
vn -1.00000000 0.00000000 0.00000000
vn 0.00000000 0.00000000 -1.00000000
vn 0.00000000 -1.00000000 0.00000000
vn 0.00000000 1.00000000 0.00000000
vn 0.00000000 0.00000000 -1.00000000
vn 0.00000000 0.00000000 -1.00000000
vn 1.00000000 0.00000000 0.00000000
vn 0.00000000 1.00000000 0.00000000
vn 1.00000000 0.00000000 0.00000000
vn 0.00000000 1.00000000 0.00000000
vn 0.00000000 0.00000000 -1.00000000
vn 0.00000000 1.00000000 0.00000000
vn 0.00000000 0.00000000 -1.00000000
vn 1.00000000 0.00000000 0.00000000
vn 1.00000000 0.00000000 0.00000000
vn 0.00000000 0.00000000 -1.00000000
vn 1.00000000 0.00000000 0.00000000
vn 0.00000000 0.00000000 -1.00000000
vn 0.00000000 1.00000000 0.00000000
vn 0.00000000 1.00000000 0.00000000
vn 0.00000000 0.00000000 -1.00000000
vn 0.00000000 0.00000000 -1.00000000
vn -1.00000000 -0.00000000 0.00000000
vn 0.00000000 1.00000000 0.00000000
vn 0.00000000 1.00000000 0.00000000
vn 0.00000000 0.00000000 -1.00000000
vn -1.00000000 -0.00000000 0.00000000
vn 0.00000000 0.00000000 -1.00000000
vn -1.00000000 -0.00000000 0.00000000
vn -1.00000000 -0.00000000 0.00000000
vn 0.00000000 1.00000000 0.00000000
vn 0.00000000 0.00000000 -1.00000000
vn -1.00000000 -0.00000000 0.00000000
vn 0.00000000 0.00000000 -1.00000000
vn 0.00000000 1.00000000 0.00000000
vn 0.00000000 0.00000000 -1.00000000
vn 1.00000000 0.00000000 0.00000000
vn 0.00000000 1.00000000 0.00000000
vn 1.00000000 0.00000000 0.00000000
vn 0.00000000 0.00000000 -1.00000000
vn 0.00000000 1.00000000 0.00000000
vn 1.00000000 0.00000000 0.00000000
vn 0.00000000 1.00000000 0.00000000
vn 0.00000000 0.00000000 -1.00000000
vn 0.00000000 0.00000000 -1.00000000
vn 1.00000000 0.00000000 0.00000000
vn 1.00000000 0.00000000 0.00000000
vn 0.00000000 1.00000000 0.00000000
vn 0.00000000 0.00000000 -1.00000000
vn 0.00000000 1.00000000 0.00000000
vn 0.00000000 0.00000000 -1.00000000
vn -1.00000000 -0.00000000 0.00000000
vn 0.00000000 1.00000000 0.00000000
vn 0.00000000 0.00000000 -1.00000000
vn 0.00000000 1.00000000 0.00000000
vn 0.00000000 0.00000000 -1.00000000
vn 0.00000000 0.00000000 -1.00000000
vn 0.00000000 1.00000000 0.00000000
vn -1.00000000 -0.00000000 0.00000000
vn -1.00000000 -0.00000000 0.00000000
vn 0.00000000 0.00000000 -1.00000000
vn 0.00000000 0.00000000 -1.00000000
vn -1.00000000 -0.00000000 0.00000000
vn 0.00000000 1.00000000 0.00000000
vn 0.00000000 0.00000000 -1.00000000
vn -1.00000000 -0.00000000 0.00000000
vn 0.00000000 1.00000000 0.00000000
vn 0.00000000 0.00000000 -1.00000000
vn 0.00000000 1.00000000 0.00000000
vn 1.00000000 0.00000000 0.00000000
vn 0.00000000 1.00000000 0.00000000
vn 0.00000000 0.00000000 -1.00000000
vn 1.00000000 0.00000000 0.00000000
vn 1.00000000 0.00000000 0.00000000
vn 0.00000000 0.00000000 -1.00000000
vn 0.00000000 1.00000000 0.00000000
vn 1.00000000 0.00000000 0.00000000
vn 0.00000000 0.00000000 -1.00000000
vn 0.00000000 1.00000000 0.00000000
vn 0.00000000 0.00000000 -1.00000000
vn 1.00000000 0.00000000 0.00000000
vn 0.00000000 1.00000000 0.00000000
vn -1.00000000 -0.00000000 0.00000000
vn 0.00000000 0.00000000 -1.00000000
vn 0.00000000 1.00000000 0.00000000
vn 0.00000000 0.00000000 -1.00000000
vn 0.00000000 1.00000000 0.00000000
vn 0.00000000 0.00000000 -1.00000000
vn 0.00000000 0.00000000 -1.00000000
vn 0.00000000 1.00000000 0.00000000
vn -1.00000000 -0.00000000 0.00000000
vn 0.00000000 0.00000000 -1.00000000
vn -1.00000000 -0.00000000 0.00000000
vn 0.00000000 1.00000000 0.00000000
vn 0.00000000 0.00000000 -1.00000000
vn -1.00000000 -0.00000000 0.00000000
vn 0.00000000 0.00000000 -1.00000000
vn 0.00000000 1.00000000 0.00000000
vn -1.00000000 -0.00000000 0.00000000
vn 0.00000000 1.00000000 0.00000000
vn 0.00000000 0.00000000 -1.00000000
vn 1.00000000 0.00000000 0.00000000
vn 1.00000000 0.00000000 0.00000000
vn 0.00000000 1.00000000 0.00000000
vn 0.00000000 0.00000000 -1.00000000
vn 0.00000000 1.00000000 0.00000000
vn 1.00000000 0.00000000 0.00000000
vn 0.00000000 0.00000000 -1.00000000
vn 1.00000000 0.00000000 0.00000000
vn 0.00000000 0.00000000 -1.00000000
vn 0.00000000 0.00000000 -1.00000000
vn 1.00000000 0.00000000 0.00000000
vn 0.00000000 1.00000000 0.00000000
vn -1.00000000 0.00000000 0.00000000
vn 0.00000000 0.00000000 -1.00000000
vn 0.00000000 1.00000000 0.00000000
vn 0.00000000 1.00000000 0.00000000
vn 0.00000000 0.00000000 -1.00000000
vn -1.00000000 0.00000000 0.00000000
vn 0.00000000 0.00000000 -1.00000000
vn -1.00000000 0.00000000 0.00000000
vn 0.00000000 -1.00000000 0.00000000
vn 0.00000000 0.00000000 -1.00000000
vn -1.00000000 0.00000000 0.00000000
vn -1.00000000 0.00000000 0.00000000
vn 0.00000000 0.00000000 -1.00000000
vn 0.00000000 -1.00000000 0.00000000
vn 0.00000000 0.00000000 -1.00000000
vn -1.00000000 0.00000000 0.00000000
vn 0.00000000 -1.00000000 0.00000000
vn 0.00000000 0.00000000 -1.00000000
vn -1.00000000 0.00000000 0.00000000
vn 0.00000000 -1.00000000 0.00000000
vn -1.00000000 0.00000000 0.00000000
vn 0.00000000 0.00000000 -1.00000000
vn 0.00000000 1.00000000 0.00000000
vn -1.00000000 0.00000000 0.00000000
vn 0.00000000 0.00000000 -1.00000000
vn 0.00000000 1.00000000 0.00000000
vn 0.00000000 1.00000000 0.00000000
vn -1.00000000 0.00000000 0.00000000
vn 0.00000000 0.00000000 -1.00000000
vn 0.00000000 0.00000000 -1.00000000
vn 0.00000000 1.00000000 0.00000000
vn -1.00000000 0.00000000 0.00000000
vn -1.00000000 0.00000000 0.00000000
vn 0.00000000 -1.00000000 0.00000000
vn 0.00000000 0.00000000 -1.00000000
vn 0.00000000 0.00000000 -1.00000000
vn -1.00000000 0.00000000 0.00000000
vn 0.00000000 0.00000000 -1.00000000
vn -1.00000000 0.00000000 0.00000000
vn 0.00000000 0.00000000 -1.00000000
vn -1.00000000 0.00000000 0.00000000
vn 0.00000000 -1.00000000 0.00000000
vn -1.00000000 0.00000000 0.00000000
vn 0.00000000 -1.00000000 0.00000000
vn 0.00000000 0.00000000 -1.00000000
vn 0.00000000 0.00000000 -1.00000000
vn 0.00000000 -1.00000000 0.00000000
vn -1.00000000 0.00000000 0.00000000
vn 0.00000000 1.00000000 0.00000000
vn -1.00000000 0.00000000 0.00000000
vn 0.00000000 0.00000000 -1.00000000
vn 0.00000000 1.00000000 0.00000000
vn -1.00000000 0.00000000 0.00000000
vn 0.00000000 0.00000000 -1.00000000
vn -1.00000000 0.00000000 0.00000000
vn 0.00000000 1.00000000 0.00000000
vn 0.00000000 0.00000000 -1.00000000
vn 0.00000000 0.00000000 -1.00000000
vn -1.00000000 0.00000000 0.00000000
vn 0.00000000 1.00000000 0.00000000
vn -1.00000000 0.00000000 0.00000000
vn 0.00000000 -1.00000000 0.00000000
vn 0.00000000 0.00000000 -1.00000000
vn -1.00000000 0.00000000 0.00000000
vn 0.00000000 0.00000000 -1.00000000
vn -1.00000000 0.00000000 0.00000000
vn 0.00000000 0.00000000 -1.00000000
vn 0.00000000 0.00000000 -1.00000000
vn -1.00000000 0.00000000 0.00000000
vn 0.00000000 -1.00000000 0.00000000
vn 0.00000000 0.00000000 -1.00000000
vn -1.00000000 0.00000000 0.00000000
vn 0.00000000 -1.00000000 0.00000000
vn 0.00000000 -1.00000000 0.00000000
vn -1.00000000 0.00000000 0.00000000
vn 0.00000000 0.00000000 -1.00000000
vn 0.00000000 1.00000000 0.00000000
vn 0.00000000 0.00000000 -1.00000000
vn -1.00000000 0.00000000 0.00000000
vn 0.00000000 0.00000000 -1.00000000
vn 0.00000000 1.00000000 0.00000000
vn -1.00000000 0.00000000 0.00000000
vn -1.00000000 0.00000000 0.00000000
vn 0.00000000 1.00000000 0.00000000
vn 0.00000000 0.00000000 -1.00000000
vn 0.00000000 1.00000000 0.00000000
vn 0.00000000 0.00000000 -1.00000000
vn -1.00000000 0.00000000 0.00000000
vn 0.00000000 0.00000000 -1.00000000
vn -1.00000000 0.00000000 0.00000000
vn 0.00000000 0.00000000 -1.00000000
vn -1.00000000 0.00000000 0.00000000
vn 0.00000000 -1.00000000 0.00000000
vn 0.00000000 0.00000000 -1.00000000
vn -1.00000000 0.00000000 0.00000000
vn 0.00000000 -1.00000000 0.00000000
vn 0.00000000 -1.00000000 0.00000000
vn 0.00000000 0.00000000 -1.00000000
vn -1.00000000 0.00000000 0.00000000
vn -1.00000000 0.00000000 0.00000000
vn 0.00000000 0.00000000 -1.00000000
vn 0.00000000 -1.00000000 0.00000000
vn 1.00000000 0.00000000 0.00000000
vn 0.00000000 0.00000000 -1.00000000
vn 1.00000000 0.00000000 0.00000000
vn 0.00000000 0.00000000 -1.00000000
vn 0.91354500 -0.40673700 0.00000000
vn 0.86602500 -0.50000000 0.00000000
vn 0.00000000 0.00000000 -1.00000000
vn 0.00000000 0.00000000 -1.00000000
vn 0.99452200 -0.10452800 0.00000000
vn 0.00000000 0.00000000 -1.00000000
vn 0.97814800 -0.20791200 0.00000000
vn 0.00000000 0.00000000 -1.00000000
vn 0.10452800 -0.99452200 0.00000000
vn 0.00000000 -1.00000000 0.00000000
vn 0.00000000 0.00000000 -1.00000000
vn 0.00000000 -1.00000000 0.00000000
vn 0.00000000 0.00000000 -1.00000000
vn 0.30901700 -0.95105700 0.00000000
vn 0.00000000 0.00000000 -1.00000000
vn 0.20791200 -0.97814800 0.00000000
vn 0.00000000 0.00000000 -1.00000000
vn 0.80901700 -0.58778500 0.00000000
vn 0.95105700 -0.30901700 0.00000000
vn 0.00000000 0.00000000 -1.00000000
vn 0.40673700 -0.91354500 0.00000000
vn 0.00000000 0.00000000 -1.00000000
vn 0.58778500 -0.80901700 0.00000000
vn 0.00000000 0.00000000 -1.00000000
vn 0.50000000 -0.86602500 0.00000000
vn 0.00000000 0.00000000 -1.00000000
vn 1.00000000 0.00000000 0.00000000
vn 0.00000000 0.00000000 -1.00000000
vn 1.00000000 0.00000000 0.00000000
vn 0.00000000 0.00000000 -1.00000000
vn 0.74314500 -0.66913100 0.00000000
vn 0.00000000 0.00000000 -1.00000000
vn 0.66913100 -0.74314500 0.00000000
vn 0.00000000 0.00000000 -1.00000000
vn -0.99452200 -0.10452800 0.00000000
vn 0.00000000 0.00000000 -1.00000000
vn -1.00000000 0.00000000 0.00000000
vn 0.00000000 0.00000000 -1.00000000
vn -0.20791200 -0.97814800 0.00000000
vn -0.30901700 -0.95105700 0.00000000
vn 0.00000000 0.00000000 -1.00000000
vn -0.97814800 -0.20791200 0.00000000
vn 0.00000000 0.00000000 -1.00000000
vn -0.91354500 -0.40673700 0.00000000
vn 0.00000000 0.00000000 -1.00000000
vn -0.95105700 -0.30901700 0.00000000
vn 0.00000000 0.00000000 -1.00000000
vn -0.40673700 -0.91354500 0.00000000
vn 0.00000000 0.00000000 -1.00000000
vn 0.00000000 0.00000000 -1.00000000
vn -0.30901700 0.95105700 0.00000000
vn 0.00000000 0.00000000 -1.00000000
vn -0.20791200 0.97814800 0.00000000
vn -0.58778500 -0.80901700 0.00000000
vn 0.00000000 0.00000000 -1.00000000
vn 0.00000000 0.00000000 -1.00000000
vn -0.66913100 -0.74314500 0.00000000
vn -0.50000000 -0.86602500 0.00000000
vn 0.00000000 0.00000000 -1.00000000
vn 0.00000000 -1.00000000 0.00000000
vn 0.00000000 0.00000000 -1.00000000
vn -0.00000000 -1.00000000 0.00000000
vn -0.40673700 0.91354500 0.00000000
vn 0.00000000 0.00000000 -1.00000000
vn -0.86602500 -0.50000000 0.00000000
vn 0.00000000 0.00000000 -1.00000000
vn -0.74314500 -0.66913100 0.00000000
vn 0.00000000 0.00000000 -1.00000000
vn 0.00000000 0.00000000 -1.00000000
vn -0.80901700 -0.58778500 0.00000000
vn 0.00000000 0.00000000 -1.00000000
vn -0.10452800 -0.99452200 0.00000000
vn -0.50000000 0.86602500 0.00000000
vn 0.00000000 0.00000000 -1.00000000
vn 0.00000000 0.00000000 -1.00000000
vn -0.66913100 0.74314500 0.00000000
vn -0.58778500 0.80901700 0.00000000
vn 0.00000000 0.00000000 -1.00000000
vn -0.10452800 0.99452200 0.00000000
vn 0.00000000 0.00000000 -1.00000000
vn 0.00000000 1.00000000 0.00000000
vn -0.00000000 1.00000000 0.00000000
vn 0.00000000 0.00000000 -1.00000000
vn 0.10452800 0.99452200 0.00000000
vn 0.00000000 0.00000000 -1.00000000
vn 0.66913100 0.74314500 0.00000000
vn 0.00000000 0.00000000 -1.00000000
vn 0.74314500 0.66913100 0.00000000
vn 0.00000000 0.00000000 -1.00000000
vn 0.50000000 0.86602500 0.00000000
vn 0.00000000 0.00000000 -1.00000000
vn 0.58778500 0.80901700 0.00000000
vn 0.00000000 0.00000000 -1.00000000
vn 0.40673700 0.91354500 0.00000000
vn 0.00000000 0.00000000 -1.00000000
vn 0.00000000 0.00000000 -1.00000000
vn 0.20791200 0.97814800 0.00000000
vn 0.00000000 0.00000000 -1.00000000
vn 0.30901700 0.95105700 0.00000000
vn 0.91354500 0.40673700 0.00000000
vn 0.00000000 0.00000000 -1.00000000
vn 0.00000000 0.00000000 -1.00000000
vn 0.95105700 0.30901700 0.00000000
vn 0.00000000 0.00000000 -1.00000000
vn 0.80901700 0.58778500 0.00000000
vn 0.00000000 0.00000000 -1.00000000
vn 0.86602500 0.50000000 0.00000000
vn -0.80901700 0.58778500 0.00000000
vn 0.00000000 0.00000000 -1.00000000
vn 0.00000000 0.00000000 -1.00000000
vn -0.74314500 0.66913100 0.00000000
vn 0.00000000 0.00000000 -1.00000000
vn 0.97814800 0.20791200 0.00000000
vn -0.86602500 0.50000000 0.00000000
vn 0.00000000 0.00000000 -1.00000000
vn 0.00000000 0.00000000 -1.00000000
vn -0.97814800 0.20791200 0.00000000
vn -0.95105700 0.30901700 0.00000000
vn 0.00000000 0.00000000 -1.00000000
vn -1.00000000 0.00000000 0.00000000
vn 0.00000000 0.00000000 -1.00000000
vn -1.00000000 0.00000000 0.00000000
vn 0.00000000 0.00000000 -1.00000000
vn -0.99452200 0.10452800 0.00000000
vn 0.99452200 0.10452800 0.00000000
vn 0.00000000 0.00000000 -1.00000000
vn 0.00000000 0.00000000 -1.00000000
vn -0.91354500 0.40673700 0.00000000
vn 0.00000000 0.00000000 -1.00000000
vn 0.00000000 1.00000000 0.00000000
vn 0.00000000 1.00000000 0.00000000
vn 0.00000000 0.00000000 1.00000000
vn 1.00000000 0.00000000 0.00000000
vn 1.00000000 0.00000000 0.00000000
vn 1.00000000 0.00000000 0.00000000
vn 0.00000000 0.00000000 1.00000000
vn 1.00000000 0.00000000 0.00000000
vn 0.00000000 0.00000000 1.00000000
vn 0.10452800 0.99452200 0.00000000
vn 0.66913100 0.74314500 0.00000000
vn 0.00000000 0.00000000 1.00000000
vn 0.58778500 0.80901700 0.00000000
vn 0.00000000 0.00000000 1.00000000
vn 0.40673700 0.91354500 0.00000000
vn 0.00000000 0.00000000 1.00000000
vn 0.30901700 0.95105700 0.00000000
vn 0.00000000 0.00000000 1.00000000
vn 0.00000000 0.00000000 1.00000000
vn 0.20791200 0.97814800 0.00000000
vn 0.74314500 0.66913100 0.00000000
vn 0.00000000 0.00000000 1.00000000
vn 0.50000000 0.86602500 0.00000000
vn 0.00000000 0.00000000 1.00000000
vn 0.80901700 0.58778500 0.00000000
vn 0.00000000 0.00000000 1.00000000
vn 0.91354500 0.40673700 0.00000000
vn 0.00000000 0.00000000 1.00000000
vn 0.86602500 0.50000000 0.00000000
vn 0.00000000 0.00000000 1.00000000
vn 0.97814800 0.20791200 0.00000000
vn 0.00000000 0.00000000 1.00000000
vn 0.00000000 0.00000000 1.00000000
vn 0.95105700 0.30901700 0.00000000
vn 0.00000000 0.00000000 1.00000000
vn 0.74314500 -0.66913100 0.00000000
vn 0.95105700 -0.30901700 0.00000000
vn 0.00000000 0.00000000 1.00000000
vn 0.97814800 -0.20791200 0.00000000
vn 0.00000000 0.00000000 1.00000000
vn 0.00000000 0.00000000 1.00000000
vn 0.99452200 -0.10452800 0.00000000
vn 0.00000000 0.00000000 1.00000000
vn 0.10452800 -0.99452200 0.00000000
vn 0.20791200 -0.97814800 0.00000000
vn 0.00000000 0.00000000 1.00000000
vn -1.00000000 0.00000000 0.00000000
vn -1.00000000 0.00000000 0.00000000
vn 0.00000000 0.00000000 1.00000000
vn 0.00000000 0.00000000 1.00000000
vn -0.66913100 0.74314500 0.00000000
vn 0.00000000 0.00000000 1.00000000
vn -0.74314500 0.66913100 0.00000000
vn 0.00000000 0.00000000 1.00000000
vn 0.99452200 0.10452800 0.00000000
vn 0.00000000 0.00000000 1.00000000
vn 0.91354500 -0.40673700 0.00000000
vn 0.00000000 0.00000000 1.00000000
vn 0.80901700 -0.58778500 0.00000000
vn 0.00000000 -1.00000000 0.00000000
vn 0.00000000 -1.00000000 0.00000000
vn 0.00000000 0.00000000 1.00000000
vn -0.20791200 -0.97814800 0.00000000
vn 0.00000000 0.00000000 1.00000000
vn -0.50000000 -0.86602500 0.00000000
vn 0.00000000 0.00000000 1.00000000
vn 0.00000000 0.00000000 1.00000000
vn -0.40673700 -0.91354500 0.00000000
vn 0.00000000 0.00000000 1.00000000
vn -0.00000000 -1.00000000 0.00000000
vn 0.00000000 -1.00000000 0.00000000
vn 0.00000000 0.00000000 1.00000000
vn -0.97814800 -0.20791200 0.00000000
vn 0.00000000 0.00000000 1.00000000
vn -0.95105700 -0.30901700 0.00000000
vn 0.00000000 0.00000000 1.00000000
vn -1.00000000 0.00000000 0.00000000
vn 0.00000000 0.00000000 1.00000000
vn -0.99452200 -0.10452800 0.00000000
vn 0.00000000 0.00000000 1.00000000
vn -0.91354500 0.40673700 0.00000000
vn 0.00000000 0.00000000 1.00000000
vn -0.97814800 0.20791200 0.00000000
vn -0.99452200 0.10452800 0.00000000
vn 0.00000000 0.00000000 1.00000000
vn 0.00000000 0.00000000 1.00000000
vn -0.80901700 0.58778500 0.00000000
vn 0.00000000 0.00000000 1.00000000
vn 0.86602500 -0.50000000 0.00000000
vn 0.00000000 0.00000000 1.00000000
vn 0.58778500 -0.80901700 0.00000000
vn 0.66913100 -0.74314500 0.00000000
vn 0.00000000 0.00000000 1.00000000
vn 0.00000000 0.00000000 1.00000000
vn 0.40673700 -0.91354500 0.00000000
vn 0.00000000 0.00000000 1.00000000
vn 0.50000000 -0.86602500 0.00000000
vn 0.30901700 -0.95105700 0.00000000
vn 0.00000000 0.00000000 1.00000000
vn -0.58778500 -0.80901700 0.00000000
vn 0.00000000 0.00000000 1.00000000
vn 0.00000000 0.00000000 1.00000000
vn -0.74314500 -0.66913100 0.00000000
vn 0.00000000 0.00000000 1.00000000
vn -0.66913100 -0.74314500 0.00000000
vn 0.00000000 0.00000000 1.00000000
vn -0.95105700 0.30901700 0.00000000
vn -0.86602500 0.50000000 0.00000000
vn 0.00000000 0.00000000 1.00000000
vn -0.10452800 0.99452200 0.00000000
vn 0.00000000 0.00000000 1.00000000
vn 0.00000000 0.00000000 1.00000000
vn -0.20791200 0.97814800 0.00000000
vn 0.00000000 0.00000000 1.00000000
vn -0.10452800 -0.99452200 0.00000000
vn -0.86602500 -0.50000000 0.00000000
vn 0.00000000 0.00000000 1.00000000
vn -0.80901700 -0.58778500 0.00000000
vn 0.00000000 0.00000000 1.00000000
vn 0.00000000 0.00000000 1.00000000
vn -0.91354500 -0.40673700 0.00000000
vn 0.00000000 0.00000000 1.00000000
vn -0.50000000 0.86602500 0.00000000
vn -0.58778500 0.80901700 0.00000000
vn 0.00000000 0.00000000 1.00000000
vn -0.30901700 0.95105700 0.00000000
vn 0.00000000 0.00000000 1.00000000
vn 0.00000000 0.00000000 1.00000000
vn 0.00000000 1.00000000 0.00000000
vn 0.00000000 1.00000000 0.00000000
vn 0.00000000 0.00000000 1.00000000
vn -0.30901700 -0.95105700 0.00000000
vn 0.00000000 0.00000000 1.00000000
vn -0.40673700 0.91354500 0.00000000
vn 0.00000000 0.00000000 1.00000000
vn -0.00000000 1.00000000 0.00000000
vn 0.00000000 1.00000000 0.00000000
vn 1.00000000 0.00000000 0.00000000
vn 0.00000000 0.00000000 -1.00000000
vn 0.00000000 1.00000000 0.00000000
vn -1.00000000 -0.00000000 0.00000000
vn 0.00000000 1.00000000 0.00000000
vn 0.00000000 0.00000000 -1.00000000
vn 1.00000000 0.00000000 0.00000000
vn 0.00000000 0.00000000 -1.00000000
vn 0.00000000 -1.00000000 0.00000000
vn -1.00000000 -0.00000000 0.00000000
vn 0.00000000 0.00000000 -1.00000000
vn 0.00000000 -1.00000000 0.00000000
vn 1.00000000 0.00000000 0.00000000
vn 0.00000000 1.00000000 0.00000000
vn 0.00000000 0.00000000 -1.00000000
vn 0.00000000 1.00000000 0.00000000
vn -1.00000000 -0.00000000 0.00000000
vn 0.00000000 0.00000000 -1.00000000
vn 1.00000000 0.00000000 0.00000000
vn 0.00000000 -1.00000000 0.00000000
vn 0.00000000 0.00000000 -1.00000000
vn 0.00000000 0.00000000 -1.00000000
vn -1.00000000 -0.00000000 0.00000000
vn 0.00000000 -1.00000000 0.00000000
vn 0.00000000 1.00000000 0.00000000
vn -1.00000000 -0.00000000 0.00000000
vn 0.00000000 0.00000000 -1.00000000
vn 1.00000000 0.00000000 0.00000000
vn 0.00000000 0.00000000 -1.00000000
vn 0.00000000 1.00000000 0.00000000
vn 1.00000000 0.00000000 0.00000000
vn 0.00000000 -1.00000000 0.00000000
vn 0.00000000 0.00000000 -1.00000000
vn 0.00000000 0.00000000 -1.00000000
vn 0.00000000 -1.00000000 0.00000000
vn -1.00000000 -0.00000000 0.00000000
vn 0.00000000 1.00000000 0.00000000
vn -1.00000000 -0.00000000 0.00000000
vn 0.00000000 0.00000000 -1.00000000
vn 1.00000000 0.00000000 0.00000000
vn 0.00000000 1.00000000 0.00000000
vn 0.00000000 0.00000000 -1.00000000
vn 1.00000000 0.00000000 0.00000000
vn 0.00000000 -1.00000000 0.00000000
vn 0.00000000 0.00000000 -1.00000000
vn 0.00000000 -1.00000000 0.00000000
vn -1.00000000 -0.00000000 0.00000000
vn 0.00000000 0.00000000 -1.00000000
vn 0.00000000 1.00000000 0.00000000
vn 0.00000000 0.00000000 -1.00000000
vn -1.00000000 -0.00000000 0.00000000
vn 0.00000000 1.00000000 0.00000000
vn 1.00000000 0.00000000 0.00000000
vn 0.00000000 0.00000000 -1.00000000
vn 1.00000000 0.00000000 0.00000000
vn 0.00000000 0.00000000 -1.00000000
vn 0.00000000 -1.00000000 0.00000000
vn -1.00000000 -0.00000000 0.00000000
vn 0.00000000 0.00000000 -1.00000000
vn 0.00000000 -1.00000000 0.00000000
vn 0.00000000 1.00000000 0.00000000
vn -1.00000000 -0.00000000 0.00000000
vn 0.00000000 0.00000000 -1.00000000
vn 0.00000000 1.00000000 0.00000000
vn 1.00000000 0.00000000 0.00000000
vn 0.00000000 0.00000000 -1.00000000
vn 0.00000000 0.00000000 -1.00000000
vn 0.00000000 -1.00000000 0.00000000
vn 1.00000000 0.00000000 0.00000000
vn -1.00000000 -0.00000000 0.00000000
vn 0.00000000 0.00000000 -1.00000000
vn 0.00000000 -1.00000000 0.00000000
vn 0.00000000 0.00000000 -1.00000000
vn 0.00000000 1.00000000 0.00000000
vn -1.00000000 -0.00000000 0.00000000
vn 0.00000000 1.00000000 0.00000000
vn 0.00000000 0.00000000 -1.00000000
vn 1.00000000 0.00000000 0.00000000
vn 0.00000000 0.00000000 -1.00000000
vn 1.00000000 0.00000000 0.00000000
vn 0.00000000 -1.00000000 0.00000000
vn -1.00000000 -0.00000000 0.00000000
vn 0.00000000 0.00000000 -1.00000000
vn 0.00000000 -1.00000000 0.00000000
vn -1.00000000 -0.00000000 0.00000000
vn 0.00000000 1.00000000 0.00000000
vn 0.00000000 0.00000000 -1.00000000
vn 0.00000000 0.00000000 -1.00000000
vn 1.00000000 0.00000000 0.00000000
vn 0.00000000 1.00000000 0.00000000
vn 1.00000000 0.00000000 0.00000000
vn 0.00000000 0.00000000 -1.00000000
vn 0.00000000 -1.00000000 0.00000000
vn 0.00000000 0.00000000 -1.00000000
vn -1.00000000 -0.00000000 0.00000000
vn 0.00000000 -1.00000000 0.00000000
vn 0.00000000 1.00000000 0.00000000
vn -1.00000000 -0.00000000 0.00000000
vn 0.00000000 0.00000000 -1.00000000
vn 0.00000000 0.00000000 -1.00000000
vn 1.00000000 0.00000000 0.00000000
vn 0.00000000 1.00000000 0.00000000
vn 0.00000000 -1.00000000 0.00000000
vn 0.00000000 0.00000000 -1.00000000
vn 1.00000000 0.00000000 0.00000000
vn 0.00000000 0.00000000 -1.00000000
vn 0.00000000 -1.00000000 0.00000000
vn -1.00000000 -0.00000000 0.00000000
vn -1.00000000 -0.00000000 0.00000000
vn 0.00000000 0.00000000 -1.00000000
vn 0.00000000 1.00000000 0.00000000
vn -1.00000000 -0.00000000 0.00000000
vn 0.00000000 0.00000000 -1.00000000
vn 0.00000000 -1.00000000 0.00000000
vn 0.00000000 0.00000000 -1.00000000
vn 0.00000000 1.00000000 0.00000000
vn 1.00000000 0.00000000 0.00000000
vn 0.00000000 -1.00000000 0.00000000
vn 1.00000000 0.00000000 0.00000000
vn 0.00000000 0.00000000 -1.00000000
vn 0.00000000 0.00000000 -1.00000000
vn 0.00000000 1.00000000 0.00000000
vn -1.00000000 -0.00000000 0.00000000
vn -1.00000000 -0.00000000 0.00000000
vn 0.00000000 -1.00000000 0.00000000
vn 0.00000000 0.00000000 -1.00000000
vn 1.00000000 0.00000000 0.00000000
vn 0.00000000 1.00000000 0.00000000
vn 0.00000000 0.00000000 -1.00000000
vn 0.00000000 -1.00000000 0.00000000
vn 0.00000000 0.00000000 -1.00000000
vn 1.00000000 0.00000000 0.00000000
vn 0.00000000 0.00000000 -1.00000000
vn 0.00000000 1.00000000 0.00000000
vn -1.00000000 -0.00000000 0.00000000
vn 0.00000000 0.00000000 -1.00000000
vn 1.00000000 0.00000000 0.00000000
vn 0.00000000 1.00000000 0.00000000
vn 0.00000000 0.00000000 -1.00000000
vn 1.00000000 0.00000000 0.00000000
vn 0.00000000 -1.00000000 0.00000000
vn 0.00000000 0.00000000 -1.00000000
vn 0.00000000 -1.00000000 0.00000000
vn -1.00000000 -0.00000000 0.00000000
vn 0.00000000 0.00000000 -1.00000000
vn 0.00000000 1.00000000 0.00000000
vn -1.00000000 -0.00000000 0.00000000
vn 0.00000000 0.00000000 -1.00000000
vn 1.00000000 0.00000000 0.00000000
vn 0.00000000 1.00000000 0.00000000
vn 0.00000000 0.00000000 -1.00000000
vn 1.00000000 0.00000000 0.00000000
vn 0.00000000 -1.00000000 0.00000000
vn 0.00000000 -1.00000000 0.00000000
vn 0.00000000 0.00000000 -1.00000000
vn -1.00000000 -0.00000000 0.00000000
vn -1.00000000 -0.00000000 0.00000000
vn 0.00000000 1.00000000 0.00000000
vn 0.00000000 0.00000000 -1.00000000
vn 0.00000000 0.00000000 -1.00000000
vn 1.00000000 0.00000000 0.00000000
vn 0.00000000 1.00000000 0.00000000
vn 1.00000000 0.00000000 0.00000000
vn 0.00000000 0.00000000 -1.00000000
vn 0.00000000 -1.00000000 0.00000000
vn 0.00000000 -1.00000000 0.00000000
vn 0.00000000 0.00000000 -1.00000000
vn -1.00000000 -0.00000000 0.00000000
vn 0.00000000 0.00000000 -1.00000000
vn 0.00000000 1.00000000 0.00000000
vn 1.00000000 0.00000000 0.00000000
vn -1.00000000 -0.00000000 0.00000000
vn 0.00000000 1.00000000 0.00000000
vn 0.00000000 0.00000000 -1.00000000
vn 0.00000000 -1.00000000 0.00000000
vn 0.00000000 0.00000000 -1.00000000
vn 1.00000000 0.00000000 0.00000000
vn 0.00000000 0.00000000 -1.00000000
vn -1.00000000 -0.00000000 0.00000000
vn 0.00000000 -1.00000000 0.00000000
vn 0.00000000 0.00000000 -1.00000000
vn 0.00000000 1.00000000 0.00000000
vn 1.00000000 0.00000000 0.00000000
vn -1.00000000 -0.00000000 0.00000000
vn 0.00000000 1.00000000 0.00000000
vn 0.00000000 0.00000000 -1.00000000
vn 0.00000000 -1.00000000 0.00000000
vn 1.00000000 0.00000000 0.00000000
vn 0.00000000 0.00000000 -1.00000000
vn 0.00000000 0.00000000 -1.00000000
vn -1.00000000 -0.00000000 0.00000000
vn 0.00000000 -1.00000000 0.00000000
vn 0.00000000 1.00000000 0.00000000
vn -1.00000000 -0.00000000 0.00000000
vn 0.00000000 0.00000000 -1.00000000
vn -1.00000000 -0.00000000 0.00000000
vn 0.00000000 -1.00000000 0.00000000
vn 0.00000000 0.00000000 -1.00000000
vn 0.00000000 -1.00000000 0.00000000
vn 1.00000000 0.00000000 0.00000000
vn 0.00000000 0.00000000 -1.00000000
vn 0.00000000 0.00000000 -1.00000000
vn 0.00000000 1.00000000 0.00000000
vn 1.00000000 0.00000000 0.00000000
vn 1.00000000 0.00000000 0.00000000
vn 0.00000000 0.00000000 -1.00000000
vn 0.00000000 -1.00000000 0.00000000
vn 0.00000000 1.00000000 0.00000000
vn 1.00000000 0.00000000 0.00000000
vn 0.00000000 0.00000000 -1.00000000
vn 0.00000000 0.00000000 -1.00000000
vn -1.00000000 -0.00000000 0.00000000
vn 0.00000000 1.00000000 0.00000000
vn -1.00000000 -0.00000000 0.00000000
vn 0.00000000 -1.00000000 0.00000000
vn 0.00000000 0.00000000 -1.00000000
vn 0.00000000 0.00000000 -1.00000000
vn 0.00000000 0.00000000 -1.00000000
vn 0.00000000 0.00000000 -1.00000000
vn 0.00000000 0.00000000 -1.00000000
vn 0.00000000 0.00000000 -1.00000000
vn 0.00000000 0.00000000 -1.00000000
vn 0.00000000 0.00000000 -1.00000000
vn 0.00000000 0.00000000 -1.00000000
vn 0.00000000 0.00000000 -1.00000000
vn 0.00000000 0.00000000 -1.00000000
vn 0.00000000 0.00000000 -1.00000000
vn 0.00000000 0.00000000 -1.00000000
vn 0.00000000 0.00000000 -1.00000000
vn 0.00000000 0.00000000 -1.00000000
vn 0.00000000 0.00000000 -1.00000000
vn 0.00000000 0.00000000 -1.00000000
vn 0.00000000 0.00000000 -1.00000000
vn 0.00000000 0.00000000 -1.00000000
vn 0.00000000 0.00000000 -1.00000000
vn 0.00000000 0.00000000 -1.00000000
vn 0.00000000 0.00000000 -1.00000000
vn 0.00000000 0.00000000 -1.00000000
vn 0.00000000 0.00000000 -1.00000000
vn 0.00000000 0.00000000 -1.00000000
vn 0.00000000 0.00000000 -1.00000000
vn 0.00000000 0.00000000 -1.00000000
vn 0.00000000 0.00000000 -1.00000000
vn 0.00000000 0.00000000 -1.00000000
vn 0.00000000 0.00000000 -1.00000000
vn 0.00000000 0.00000000 -1.00000000
vn 0.00000000 0.00000000 -1.00000000
vn 0.00000000 0.00000000 -1.00000000
vn 0.00000000 0.00000000 -1.00000000
vn 0.00000000 0.00000000 -1.00000000
vn 0.00000000 0.00000000 -1.00000000
vn 0.00000000 0.00000000 -1.00000000
vn 0.00000000 -1.00000000 0.00000000
vn 1.00000000 0.00000000 0.00000000
vn 0.00000000 0.00000000 -1.00000000
vn 1.00000000 0.00000000 0.00000000
vn 0.00000000 1.00000000 0.00000000
vn 0.00000000 1.00000000 0.00000000
vn -1.00000000 -0.00000000 0.00000000
vn 0.00000000 0.00000000 -1.00000000
vn 0.00000000 -1.00000000 0.00000000
vn 0.00000000 0.00000000 -1.00000000
vn -1.00000000 -0.00000000 0.00000000
vn 1.00000000 0.00000000 0.00000000
vn 0.00000000 -1.00000000 0.00000000
vn 0.00000000 0.00000000 -1.00000000
vn 0.00000000 1.00000000 0.00000000
vn 1.00000000 0.00000000 0.00000000
vn 0.00000000 0.00000000 -1.00000000
vn 0.00000000 1.00000000 0.00000000
vn -1.00000000 -0.00000000 0.00000000
vn 0.00000000 0.00000000 -1.00000000
vn -1.00000000 -0.00000000 0.00000000
vn 0.00000000 -1.00000000 0.00000000
vn 0.00000000 0.00000000 -1.00000000
vn 1.00000000 0.00000000 0.00000000
vn 0.00000000 -1.00000000 0.00000000
vn 0.00000000 0.00000000 -1.00000000
vn 1.00000000 0.00000000 0.00000000
vn 0.00000000 1.00000000 0.00000000
vn 0.00000000 0.00000000 -1.00000000
vn 0.00000000 1.00000000 0.00000000
vn -1.00000000 -0.00000000 0.00000000
vn 0.00000000 0.00000000 -1.00000000
vn -1.00000000 -0.00000000 0.00000000
vn 0.00000000 -1.00000000 0.00000000
vn 0.00000000 0.00000000 -1.00000000
vn 0.00000000 0.00000000 -1.00000000
vn 1.00000000 0.00000000 0.00000000
vn 0.00000000 -1.00000000 0.00000000
vn 1.00000000 0.00000000 0.00000000
vn 0.00000000 1.00000000 0.00000000
vn 0.00000000 0.00000000 -1.00000000
vn -1.00000000 -0.00000000 0.00000000
vn 0.00000000 1.00000000 0.00000000
vn 0.00000000 0.00000000 -1.00000000
vn 0.00000000 -1.00000000 0.00000000
vn -1.00000000 -0.00000000 0.00000000
vn 0.00000000 0.00000000 -1.00000000
vn 0.00000000 0.00000000 -1.00000000
vn 0.00000000 -1.00000000 0.00000000
vn 1.00000000 0.00000000 0.00000000
vn 1.00000000 0.00000000 0.00000000
vn 0.00000000 1.00000000 0.00000000
vn 0.00000000 0.00000000 -1.00000000
vn 0.00000000 1.00000000 0.00000000
vn -1.00000000 -0.00000000 0.00000000
vn 0.00000000 0.00000000 -1.00000000
vn -1.00000000 -0.00000000 0.00000000
vn 0.00000000 -1.00000000 0.00000000
vn 0.00000000 0.00000000 -1.00000000
vn 1.00000000 0.00000000 0.00000000
vn 0.00000000 -1.00000000 0.00000000
vn 0.00000000 0.00000000 -1.00000000
vn 0.00000000 0.00000000 -1.00000000
vn 1.00000000 0.00000000 0.00000000
vn 0.00000000 1.00000000 0.00000000
vn 0.00000000 1.00000000 0.00000000
vn -1.00000000 -0.00000000 0.00000000
vn 0.00000000 0.00000000 -1.00000000
vn 0.00000000 -1.00000000 0.00000000
vn -1.00000000 -0.00000000 0.00000000
vn 0.00000000 0.00000000 -1.00000000
vn 0.00000000 0.00000000 -1.00000000
vn 0.00000000 -1.00000000 0.00000000
vn 1.00000000 0.00000000 0.00000000
vn 0.00000000 0.00000000 -1.00000000
vn 0.00000000 1.00000000 0.00000000
vn 1.00000000 0.00000000 0.00000000
vn 0.00000000 0.00000000 -1.00000000
vn -1.00000000 -0.00000000 0.00000000
vn 0.00000000 1.00000000 0.00000000
vn 0.00000000 0.00000000 -1.00000000
vn 0.00000000 -1.00000000 0.00000000
vn -1.00000000 -0.00000000 0.00000000
vn 0.00000000 -1.00000000 0.00000000
vn 1.00000000 0.00000000 0.00000000
vn 0.00000000 0.00000000 -1.00000000
vn 0.00000000 1.00000000 0.00000000
vn 1.00000000 0.00000000 0.00000000
vn 0.00000000 0.00000000 -1.00000000
vn 0.00000000 1.00000000 0.00000000
vn 0.00000000 0.00000000 -1.00000000
vn -1.00000000 -0.00000000 0.00000000
vn 0.00000000 -1.00000000 0.00000000
vn 0.00000000 0.00000000 -1.00000000
vn -1.00000000 -0.00000000 0.00000000
vn 0.00000000 0.00000000 -1.00000000
vn 1.00000000 0.00000000 0.00000000
vn 0.00000000 1.00000000 0.00000000
vn 0.00000000 0.00000000 -1.00000000
vn 0.00000000 -1.00000000 0.00000000
vn 1.00000000 0.00000000 0.00000000
vn 0.00000000 1.00000000 0.00000000
vn 0.00000000 0.00000000 -1.00000000
vn -1.00000000 -0.00000000 0.00000000
vn 0.00000000 -1.00000000 0.00000000
vn 0.00000000 0.00000000 -1.00000000
vn -1.00000000 -0.00000000 0.00000000
vn 0.00000000 -1.00000000 0.00000000
vn 1.00000000 0.00000000 0.00000000
vn 0.00000000 0.00000000 -1.00000000
vn 0.00000000 0.00000000 -1.00000000
vn 0.00000000 1.00000000 0.00000000
vn 1.00000000 0.00000000 0.00000000
vn 0.00000000 1.00000000 0.00000000
vn 0.00000000 0.00000000 -1.00000000
vn -1.00000000 -0.00000000 0.00000000
vn 0.00000000 -1.00000000 0.00000000
vn -1.00000000 -0.00000000 0.00000000
vn 0.00000000 0.00000000 -1.00000000
vn 1.00000000 0.00000000 0.00000000
vn 0.00000000 0.00000000 -1.00000000
vn 0.00000000 1.00000000 0.00000000
vn 1.00000000 0.00000000 0.00000000
vn 0.00000000 0.00000000 -1.00000000
vn 0.00000000 -1.00000000 0.00000000
vn -1.00000000 -0.00000000 0.00000000
vn 0.00000000 0.00000000 -1.00000000
vn 0.00000000 1.00000000 0.00000000
vn 0.00000000 0.00000000 -1.00000000
vn -1.00000000 -0.00000000 0.00000000
vn 0.00000000 -1.00000000 0.00000000
vn 0.00000000 -1.00000000 0.00000000
vn 0.00000000 0.00000000 -1.00000000
vn 1.00000000 0.00000000 0.00000000
vn 0.00000000 0.00000000 -1.00000000
vn 0.00000000 1.00000000 0.00000000
vn 1.00000000 0.00000000 0.00000000
vn 0.00000000 1.00000000 0.00000000
vn 0.00000000 0.00000000 -1.00000000
vn -1.00000000 -0.00000000 0.00000000
vn -1.00000000 -0.00000000 0.00000000
vn 0.00000000 -1.00000000 0.00000000
vn 0.00000000 0.00000000 -1.00000000
vn 0.00000000 0.00000000 -1.00000000
vn 0.00000000 -1.00000000 0.00000000
vn 1.00000000 0.00000000 0.00000000
vn 0.00000000 0.00000000 -1.00000000
vn 0.00000000 1.00000000 0.00000000
vn 1.00000000 0.00000000 0.00000000
vn 0.00000000 0.00000000 -1.00000000
vn -1.00000000 -0.00000000 0.00000000
vn 0.00000000 1.00000000 0.00000000
vn 0.00000000 0.00000000 -1.00000000
vn 0.00000000 -1.00000000 0.00000000
vn -1.00000000 -0.00000000 0.00000000
vn 1.00000000 0.00000000 0.00000000
vn 0.00000000 -1.00000000 0.00000000
vn 0.00000000 0.00000000 -1.00000000
vn 0.00000000 0.00000000 -1.00000000
vn 0.00000000 1.00000000 0.00000000
vn 1.00000000 0.00000000 0.00000000
vn -1.00000000 -0.00000000 0.00000000
vn 0.00000000 1.00000000 0.00000000
vn 0.00000000 0.00000000 -1.00000000
vn -1.00000000 -0.00000000 0.00000000
vn 0.00000000 0.00000000 -1.00000000
vn 0.00000000 -1.00000000 0.00000000
vn 0.00000000 0.00000000 -1.00000000
vn 0.00000000 -1.00000000 0.00000000
vn 1.00000000 0.00000000 0.00000000
vn 1.00000000 0.00000000 0.00000000
vn 0.00000000 1.00000000 0.00000000
vn 0.00000000 0.00000000 -1.00000000
vn 0.00000000 0.00000000 -1.00000000
vn 0.00000000 1.00000000 0.00000000
vn -1.00000000 -0.00000000 0.00000000
vn 0.00000000 -1.00000000 0.00000000
vn 0.00000000 0.00000000 -1.00000000
vn -1.00000000 -0.00000000 0.00000000
vn 1.00000000 0.00000000 0.00000000
vn 0.00000000 -1.00000000 0.00000000
vn 0.00000000 0.00000000 -1.00000000
vn 1.00000000 0.00000000 0.00000000
vn 0.00000000 1.00000000 0.00000000
vn 0.00000000 0.00000000 -1.00000000
vn 0.00000000 1.00000000 0.00000000
vn 0.00000000 0.00000000 -1.00000000
vn -1.00000000 -0.00000000 0.00000000
vn 0.00000000 -1.00000000 0.00000000
vn 0.00000000 0.00000000 -1.00000000
vn -1.00000000 -0.00000000 0.00000000
vn 1.00000000 0.00000000 0.00000000
vn 0.00000000 -1.00000000 0.00000000
vn 0.00000000 0.00000000 -1.00000000
vn 0.00000000 1.00000000 0.00000000
vn 1.00000000 0.00000000 0.00000000
vn 0.00000000 0.00000000 -1.00000000
vn -1.00000000 -0.00000000 0.00000000
vn 0.00000000 0.00000000 -1.00000000
vn 0.00000000 1.00000000 0.00000000
vn 0.00000000 0.00000000 -1.00000000
vn 0.00000000 -1.00000000 0.00000000
vn -1.00000000 -0.00000000 0.00000000
vn 1.00000000 0.00000000 0.00000000
vn 0.00000000 -1.00000000 0.00000000
vn 0.00000000 0.00000000 -1.00000000
vn 1.00000000 0.00000000 0.00000000
vn 0.00000000 1.00000000 0.00000000
vn 0.00000000 0.00000000 -1.00000000
vn 0.00000000 1.00000000 0.00000000
vn -1.00000000 -0.00000000 0.00000000
vn 0.00000000 0.00000000 -1.00000000
vn -1.00000000 -0.00000000 0.00000000
vn 0.00000000 -1.00000000 0.00000000
vn 0.00000000 0.00000000 -1.00000000
f 1//1 5//5 7//7
f 8//8 11//11 5//5
f 5//5 1//1 8//8
f 7//7 14//14 1//1
f 3//3 15//15 17//17
f 17//17 21//21 3//3
f 17//17 22//22 21//21
f 26//26 30//30 20//20
f 20//20 23//23 26//26
f 32//32 29//29 35//35
f 29//29 25//25 35//35
f 35//35 37//37 32//32
f 33//33 38//38 40//40
f 40//40 41//41 33//33
f 40//40 45//45 41//41
f 9//9 49//49 51//51
f 49//49 54//54 51//51
f 51//51 13//13 9//9
f 53//53 47//47 56//56
f 56//56 58//58 53//53
f 62//62 65//65 68//68
f 68//68 55//55 62//62
f 68//68 59//59 55//55
f 63//63 70//70 71//71
f 73//73 78//78 70//70
f 70//70 63//63 73//73
f 71//71 66//66 63//63
f 75//75 79//79 82//82
f 79//79 86//86 82//82
f 82//82 76//76 75//75
f 84//84 81//81 89//89
f 89//89 92//92 84//84
f 93//93 97//97 99//99
f 99//99 87//87 93//93
f 99//99 91//91 87//87
f 102//102 104//104 96//96
f 96//96 95//95 102//102
f 103//103 108//108 110//110
f 108//108 114//114 110//110
f 110//110 105//105 103//103
f 113//113 109//109 116//116
f 116//116 120//120 113//113
f 119//119 115//115 122//122
f 122//122 125//125 119//119
f 126//126 123//123 128//128
f 128//128 131//131 126//126
f 127//127 134//134 135//135
f 139//139 142//142 134//134
f 134//134 127//127 139//139
f 135//135 130//130 127//127
f 141//141 137//137 144//144
f 144//144 146//146 141//141
f 147//147 145//145 150//150
f 150//150 152//152 147//147
f 153//153 151//151 156//156
f 156//156 158//158 153//153
f 157//157 161//161 163//163
f 167//167 170//170 161//161
f 161//161 157//157 167//167
f 163//163 159//159 157//157
f 168//168 165//165 171//171
f 171//171 174//174 168//168
f 176//176 173//173 177//177
f 177//177 181//181 176//176
f 182//182 178//178 184//184
f 184//184 186//186 182//182
f 189//189 192//192 196//196
f 196//196 183//183 189//189
f 196//196 188//188 183//183
f 43//43 46//46 197//197
f 197//197 201//201 43//43
f 197//197 203//203 201//201
f 207//207 200//200 208//208
f 200//200 202//202 208//208
f 208//208 210//210 207//207
f 205//205 212//212 213//213
f 213//213 217//217 205//205
f 213//213 218//218 217//217
f 216//216 220//220 222//222
f 222//222 223//223 216//216
f 222//222 226//226 223//223
f 231//231 234//234 224//224
f 224//224 228//228 231//231
f 235//235 232//232 239//239
f 232//232 230//230 239//239
f 239//239 240//240 235//235
f 243//243 246//246 248//248
f 236//236 241//241 246//246
f 246//246 243//243 236//236
f 248//248 251//251 243//243
f 245//245 252//252 253//253
f 253//253 256//256 245//245
f 253//253 259//259 256//256
f 262//262 264//264 257//257
f 257//257 260//260 262//262
f 267//267 266//266 270//270
f 266//266 263//263 270//270
f 270//270 274//274 267//267
f 275//275 278//278 280//280
f 269//269 272//272 278//278
f 278//278 275//275 269//269
f 280//280 283//283 275//275
f 276//276 284//284 286//286
f 286//286 289//289 276//276
f 286//286 292//292 289//289
f 293//293 297//297 287//287
f 287//287 291//291 293//293
f 300//300 296//296 302//302
f 296//296 295//295 302//302
f 302//302 305//305 300//300
f 309//309 299//299 306//306
f 306//306 310//310 309//309
f 314//314 307//307 317//317
f 307//307 312//312 317//317
f 317//317 318//318 314//314
f 323//323 326//326 315//315
f 315//315 320//320 323//323
f 327//327 330//330 325//325
f 325//325 322//322 327//327
f 333//333 337//337 332//332
f 332//332 329//329 333//333
f 339//339 343//343 345//345
f 338//338 334//334 343//343
f 343//343 339//339 338//338
f 345//345 347//347 339//339
f 350//350 353//353 340//340
f 340//340 348//348 350//350
f 356//356 359//359 354//354
f 354//354 349//349 356//356
f 362//362 366//366 358//358
f 358//358 355//355 362//362
f 367//367 370//370 372//372
f 365//365 361//361 370//370
f 370//370 367//367 365//365
f 372//372 375//375 367//367
f 379//379 380//380 368//368
f 368//368 376//376 379//379
f 385//385 388//388 381//381
f 381//381 378//378 385//385
f 390//390 392//392 387//387
f 387//387 383//383 390//390
f 394//394 389//389 396//396
f 396//396 398//398 394//394
f 396//396 401//401 398//398
f 194//194 191//191 405//405
f 405//405 406//406 194//194
f 408//408 403//403 399//399
f 399//399 402//402 408//408
f 410//410 369//369 393//393
f 386//386 393//393 369//369
f 369//369 382//382 386//386
f 410//410 341//341 364//364
f 308//308 412//412 415//415
f 308//308 416//416 418//418
f 308//308 420//420 423//423
f 308//308 425//425 427//427
f 364//364 369//369 410//410
f 360//360 364//364 341//341
f 415//415 429//429 308//308
f 418//418 432//432 308//308
f 427//427 420//420 308//308
f 341//341 352//352 360//360
f 410//410 313//313 336//336
f 432//432 412//412 308//308
f 308//308 434//434 425//425
f 308//308 436//436 438//438
f 336//336 341//341 410//410
f 331//331 336//336 313//313
f 308//308 440//440 416//416
f 440//440 308//308 313//313
f 438//438 434//434 308//308
f 308//308 442//442 444//444
f 313//313 324//324 331//331
f 313//313 410//410 440//440
f 444//444 436//436 308//308
f 429//429 442//442 308//308
f 423//423 277//277 301//301
f 199//199 446//446 448//448
f 199//199 450//450 453//453
f 423//423 301//301 308//308
f 298//298 301//301 277//277
f 199//199 455//455 446//446
f 199//199 457//457 459//459
f 453//453 461//461 199//199
f 101//101 462//462 464//464
f 277//277 288//288 298//298
f 423//423 244//244 268//268
f 459//459 455//455 199//199
f 199//199 467//467 468//468
f 461//461 471//471 199//199
f 199//199 206//206 473//473
f 101//101 476//476 462//462
f 268//268 277//277 423//423
f 268//268 244//244 255//255
f 199//199 478//478 457//457
f 199//199 480//480 481//481
f 471//471 467//467 199//199
f 473//473 483//483 199//199
f 101//101 486//486 476//476
f 101//101 487//487 490//490
f 255//255 265//265 268//268
f 423//423 215//215 237//237
f 481//481 478//478 199//199
f 483//483 450//450 199//199
f 101//101 492//492 495//495
f 490//490 486//486 101//101
f 237//237 244//244 423//423
f 233//233 237//237 215//215
f 473//473 206//206 215//215
f 468//468 480//480 199//199
f 464//464 492//492 101//101
f 215//215 225//225 233//233
f 448//448 42//42 199//199
f 495//495 129//129 107//107
f 117//117 107//107 129//129
f 497//497 499//499 501//501
f 497//497 503//503 505//505
f 507//507 497//497 508//508
f 215//215 423//423 473//473
f 448//448 2//2 31//31
f 129//129 121//121 117//117
f 495//495 155//155 138//138
f 505//505 499//499 497//497
f 508//508 510//510 507//507
f 31//31 42//42 448//448
f 28//28 31//31 2//2
f 138//138 129//129 495//495
f 143//143 138//138 155//155
f 497//497 513//513 514//514
f 497//497 516//516 518//518
f 507//507 503//503 497//497
f 2//2 19//19 28//28
f 448//448 61//61 10//10
f 101//101 521//521 522//522
f 155//155 149//149 143//143
f 495//495 185//185 166//166
f 514//514 524//524 497//497
f 501//501 516//516 497//497
f 10//10 2//2 448//448
f 48//48 10//10 61//61
f 101//101 527//527 521//521
f 101//101 528//528 531//531
f 101//101 533//533 535//535
f 166//166 155//155 495//495
f 172//172 166//166 185//185
f 497//497 538//538 410//410
f 518//518 513//513 497//497
f 397//397 404//404 190//190
f 61//61 57//57 48//48
f 448//448 94//94 74//74
f 101//101 539//539 527//527
f 535//535 528//528 101//101
f 185//185 179//179 172//172
f 541//541 190//190 185//185
f 524//524 538//538 497//497
f 190//190 541//541 397//397
f 74//74 61//61 448//448
f 80//80 74//74 94//94
f 531//531 539//539 101//101
f 533//533 101//101 94//94
f 185//185 495//495 541//541
f 541//541 497//497 397//397
f 94//94 88//88 80//80
f 94//94 448//448 533//533
f 410//410 397//397 497//497
f 522//522 487//487 101//101
f 393//393 397//397 410//410
f 495//495 107//107 101//101
f 411//411 546//546 547//547
f 547//547 439//439 411//411
f 550//550 553//553 555//555
f 557//557 559//559 560//560
f 550//550 563//563 553//553
f 550//550 565//565 557//557
f 550//550 567//567 563//563
f 555//555 565//565 550//550
f 550//550 569//569 571//571
f 550//550 573//573 574//574
f 576//576 579//579 581//581
f 582//582 584//584 587//587
f 590//590 591//591 593//593
f 571//571 567//567 550//550
f 550//550 595//595 573//573
f 576//576 597//597 579//579
f 597//597 576//576 599//599
f 582//582 603//603 584//584
f 605//605 607//607 608//608
f 610//610 613//613 615//615
f 610//610 617//617 619//619
f 621//621 623//623 626//626
f 593//593 627//627 590//590
f 574//574 569//569 550//550
f 599//599 629//629 597//597
f 582//582 631//631 634//634
f 582//582 635//635 637//637
f 587//587 640//640 582//582
f 605//605 642//642 607//607
f 605//605 643//643 645//645
f 619//619 613//613 610//610
f 621//621 647//647 623//623
f 627//627 650//650 590//590
f 590//590 652//652 653//653
f 560//560 550//550 557//557
f 634//634 576//576 582//582
f 640//640 635//635 582//582
f 643//643 605//605 655//655
f 645//645 642//642 605//605
f 610//610 658//658 660//660
f 615//615 661//661 610//610
f 650//650 621//621 590//590
f 590//590 663//663 666//666
f 653//653 668//668 590//590
f 669//669 544//544 595//595
f 603//603 548//548 544//544
f 637//637 631//631 582//582
f 608//608 672//672 605//605
f 661//661 658//658 610//610
f 666//666 591//591 590//590
f 668//668 674//674 590//590
f 544//544 669//669 603//603
f 581//581 582//582 576//576
f 660//660 643//643 610//610
f 610//610 676//676 590//590
f 674//674 663//663 590//590
f 582//582 548//548 603//603
f 610//610 603//603 669//669
f 590//590 617//617 610//610
f 590//590 676//676 652//652
f 669//669 676//676 610//610
f 626//626 590//590 621//621
f 655//655 610//610 643//643
f 550//550 669//669 595//595
f 422//422 601//601 612//612
f 612//612 472//472 422//422
f 589//589 532//532 449//449
f 449//449 618//618 589//589
f 493//493 678//678 671//671
f 671//671 543//543 493//493
f 618//618 449//449 447//447
f 620//620 447//447 454//454
f 614//614 454//454 458//458
f 616//616 458//458 456//456
f 662//662 456//456 477//477
f 657//657 477//477 482//482
f 659//659 482//482 479//479
f 644//644 479//479 469//469
f 646//646 469//469 466//466
f 641//641 466//466 470//470
f 606//606 470//470 460//460
f 609//609 460//460 452//452
f 673//673 452//452 451//451
f 604//604 451//451 484//484
f 656//656 484//484 474//474
f 474//474 611//611 656//656
f 484//484 656//656 604//604
f 451//451 604//604 673//673
f 452//452 673//673 609//609
f 460//460 609//609 606//606
f 470//470 606//606 641//641
f 466//466 641//641 646//646
f 469//469 646//646 644//644
f 479//479 644//644 659//659
f 482//482 659//659 657//657
f 477//477 657//657 662//662
f 456//456 662//662 616//616
f 458//458 616//616 614//614
f 454//454 614//614 620//620
f 447//447 620//620 618//618
f 441//441 549//549 583//583
f 417//417 583//583 580//580
f 419//419 580//580 578//578
f 431//431 578//578 598//598
f 413//413 598//598 630//630
f 414//414 630//630 600//600
f 430//430 600//600 577//577
f 443//443 577//577 633//633
f 445//445 633//633 632//632
f 435//435 632//632 638//638
f 437//437 638//638 636//636
f 433//433 636//636 639//639
f 426//426 639//639 586//586
f 428//428 586//586 585//585
f 421//421 585//585 602//602
f 602//602 424//424 421//421
f 585//585 421//421 428//428
f 586//586 428//428 426//426
f 639//639 426//426 433//433
f 636//636 433//433 437//437
f 638//638 437//437 435//435
f 632//632 435//435 445//445
f 633//633 445//445 443//443
f 577//577 443//443 430//430
f 600//600 430//430 414//414
f 630//630 414//414 413//413
f 598//598 413//413 431//431
f 578//578 431//431 419//419
f 580//580 419//419 417//417
f 583//583 417//417 441//441
f 545//545 409//409 537//537
f 596//596 537//537 525//525
f 572//572 525//525 515//515
f 575//575 515//515 512//512
f 568//568 512//512 519//519
f 570//570 519//519 517//517
f 566//566 517//517 500//500
f 562//562 500//500 498//498
f 552//552 498//498 504//504
f 554//554 504//504 502//502
f 564//564 502//502 506//506
f 556//556 506//506 511//511
f 558//558 511//511 509//509
f 561//561 509//509 496//496
f 551//551 496//496 542//542
f 542//542 670//670 551//551
f 496//496 551//551 561//561
f 509//509 561//561 558//558
f 511//511 558//558 556//556
f 506//506 556//556 564//564
f 502//502 564//564 554//554
f 504//504 554//554 552//552
f 498//498 552//552 562//562
f 500//500 562//562 566//566
f 517//517 566//566 570//570
f 519//519 570//570 568//568
f 512//512 568//568 575//575
f 515//515 575//575 572//572
f 525//525 572//572 596//596
f 537//537 596//596 545//545
f 534//534 588//588 625//625
f 536//536 625//625 624//624
f 529//529 624//624 648//648
f 530//530 648//648 622//622
f 540//540 622//622 649//649
f 526//526 649//649 628//628
f 520//520 628//628 594//594
f 523//523 594//594 592//592
f 488//488 592//592 665//665
f 489//489 665//665 664//664
f 485//485 664//664 675//675
f 475//475 675//675 667//667
f 463//463 667//667 654//654
f 465//465 654//654 651//651
f 491//491 651//651 677//677
f 677//677 494//494 491//491
f 651//651 491//491 465//465
f 654//654 465//465 463//463
f 667//667 463//463 475//475
f 675//675 475//475 485//485
f 664//664 485//485 489//489
f 665//665 489//489 488//488
f 592//592 488//488 523//523
f 594//594 523//523 520//520
f 628//628 520//520 526//526
f 649//649 526//526 540//540
f 622//622 540//540 530//530
f 648//648 530//530 529//529
f 624//624 529//529 536//536
f 625//625 536//536 534//534
f 133//133 895//895 680//680
f 896//896 136//136 684//684
f 680//680 136//136 133//133
f 680//680 684//684 136//136
f 895//895 686//686 680//680
f 895//895 896//896 689//689
f 689//689 686//686 895//895
f 162//162 897//897 693//693
f 898//898 164//164 696//696
f 693//693 164//164 162//162
f 693//693 696//696 164//164
f 897//897 699//699 693//693
f 898//898 700//700 699//699
f 699//699 897//897 898//898
f 69//69 899//899 900//900
f 899//899 896//896 705//705
f 705//705 900//900 899//899
f 896//896 707//707 705//705
f 896//896 901//901 711//711
f 711//711 707//707 896//896
f 901//901 900//900 712//712
f 712//712 711//711 901//901
f 896//896 895//895 902//902
f 902//902 895//895 717//717
f 898//898 720//720 717//717
f 717//717 895//895 898//898
f 898//898 903//903 723//723
f 723//723 720//720 898//898
f 903//903 902//902 726//726
f 726//726 723//723 903//903
f 898//898 897//897 904//904
f 904//904 897//897 728//728
f 897//897 905//905 732//732
f 732//732 728//728 897//897
f 905//905 906//906 734//734
f 734//734 732//732 905//905
f 906//906 904//904 737//737
f 737//737 734//734 906//906
f 907//907 901//901 741//741
f 901//901 902//902 744//744
f 744//744 741//741 901//901
f 908//908 745//745 744//744
f 744//744 902//902 908//908
f 908//908 907//907 749//749
f 749//749 745//745 908//908
f 902//902 903//903 909//909
f 909//909 903//903 751//751
f 903//903 904//904 755//755
f 755//755 751//751 903//903
f 910//910 757//757 755//755
f 755//755 904//904 910//910
f 909//909 761//761 757//757
f 757//757 910//910 909//909
f 904//904 906//906 911//911
f 911//911 906//906 765//765
f 906//906 373//373 766//766
f 371//371 911//911 770//770
f 766//766 765//765 906//906
f 770//770 373//373 371//371
f 770//770 766//766 373//373
f 911//911 772//772 770//770
f 4//4 912//912 913//913
f 912//912 907//907 777//777
f 777//777 913//913 912//912
f 907//907 778//778 777//777
f 907//907 914//914 782//782
f 782//782 778//778 907//907
f 914//914 913//913 784//784
f 784//784 782//782 914//914
f 907//907 908//908 915//915
f 908//908 788//788 791//791
f 909//909 793//793 788//788
f 788//788 908//908 909//909
f 909//909 916//916 798//798
f 798//798 793//793 909//909
f 916//916 915//915 791//791
f 791//791 798//798 916//916
f 909//909 910//910 917//917
f 910//910 799//799 804//804
f 910//910 911//911 807//807
f 807//807 799//799 910//910
f 911//911 918//918 809//809
f 809//809 807//807 911//911
f 918//918 917//917 804//804
f 804//804 809//809 918//918
f 919//919 914//914 811//811
f 914//914 915//915 814//814
f 814//814 811//811 914//914
f 915//915 920//920 817//817
f 817//817 814//814 915//915
f 920//920 919//919 820//820
f 820//820 817//817 920//920
f 915//915 916//916 921//921
f 921//921 916//916 823//823
f 916//916 917//917 826//826
f 826//826 823//823 916//916
f 917//917 922//922 829//829
f 829//829 826//826 917//917
f 921//921 833//833 829//829
f 829//829 922//922 921//921
f 917//917 918//918 923//923
f 923//923 918//918 837//837
f 918//918 344//344 838//838
f 342//342 923//923 842//842
f 838//838 837//837 918//918
f 842//842 344//344 342//342
f 842//842 838//838 344//344
f 923//923 845//845 842//842
f 921//921 847//847 852//852
f 852//852 920//920 921//921
f 921//921 924//924 854//854
f 925//925 920//920 856//856
f 854//854 847//847 921//921
f 856//856 924//924 925//925
f 856//856 854//854 924//924
f 922//922 923//923 859//859
f 859//859 864//864 922//922
f 923//923 926//926 867//867
f 927//927 922//922 868//868
f 867//867 859//859 923//923
f 868//868 926//926 927//927
f 868//868 867//867 926//926
f 925//925 924//924 249//249
f 927//927 926//926 281//281
f 238//238 925//925 247//247
f 920//920 925//925 229//229
f 928//928 919//919 227//227
f 229//229 919//919 920//920
f 229//229 227//227 919//919
f 925//925 238//238 229//229
f 928//928 221//221 219//219
f 209//209 928//928 214//214
f 198//198 873//873 876//876
f 929//929 919//919 873//873
f 928//928 209//209 876//876
f 873//873 198//198 929//929
f 919//919 928//928 879//879
f 209//209 204//204 876//876
f 919//919 880//880 873//873
f 876//876 879//879 928//928
f 879//879 880//880 919//919
f 39//39 929//929 198//198
f 36//36 34//34 929//929
f 919//919 929//929 27//27
f 913//913 914//914 24//24
f 27//27 914//914 919//919
f 27//27 24//24 914//914
f 929//929 34//34 27//27
f 6//6 913//913 18//18
f 12//12 50//50 912//912
f 907//907 912//912 52//52
f 900//900 901//901 60//60
f 52//52 901//901 907//907
f 52//52 60//60 901//901
f 912//912 50//50 52//52
f 72//72 900//900 67//67
f 77//77 83//83 899//899
f 106//106 111//111 100//100
f 124//124 85//85 90//90
f 896//896 899//899 85//85
f 111//111 112//112 118//118
f 136//136 896//896 124//124
f 85//85 124//124 896//896
f 118//118 90//90 111//111
f 90//90 118//118 124//124
f 124//124 132//132 136//136
f 899//899 83//83 85//85
f 895//895 133//133 148//148
f 164//164 898//898 154//154
f 148//148 898//898 895//895
f 148//148 154//154 898//898
f 133//133 140//140 148//148
f 897//897 162//162 175//175
f 195//195 905//905 180//180
f 175//175 905//905 897//897
f 175//175 180//180 905//905
f 162//162 169//169 175//175
f 400//400 884//884 888//888
f 395//395 905//905 884//884
f 195//195 407//407 888//888
f 884//884 400//400 395//395
f 905//905 195//195 889//889
f 195//195 193//193 407//407
f 905//905 894//894 884//884
f 888//888 889//889 195//195
f 889//889 894//894 905//905
f 905//905 395//395 384//384
f 373//373 906//906 377//377
f 384//384 906//906 905//905
f 384//384 377//377 906//906
f 395//395 391//391 384//384
f 911//911 371//371 357//357
f 344//344 918//918 351//351
f 357//357 918//918 911//911
f 357//357 351//351 918//918
f 371//371 363//363 357//357
f 303//303 316//316 311//311
f 290//290 328//328 321//321
f 923//923 342//342 328//328
f 316//316 303//303 321//321
f 926//926 923//923 290//290
f 328//328 290//290 923//923
f 303//303 294//294 321//321
f 321//321 294//294 290//290
f 290//290 285//285 926//926
f 342//342 335//335 328//328
f 926//926 285//285 282//282
f 271//271 927//927 279//279
f 922//922 927//927 261//261
f 924//924 921//921 258//258
f 261//261 921//921 922//922
f 261//261 258//258 921//921
f 927//927 271//271 261//261
f 924//924 254//254 250//250
f 250//250 249//249 924//924
f 258//258 254//254 924//924
f 279//279 273//273 271//271
f 282//282 281//281 926//926
f 321//321 319//319 316//316
f 311//311 304//304 303//303
f 351//351 346//346 344//344
f 377//377 374//374 373//373
f 888//888 407//407 400//400
f 180//180 187//187 195//195
f 154//154 160//160 164//164
f 90//90 100//100 111//111
f 100//100 98//98 106//106
f 899//899 69//69 77//77
f 67//67 64//64 72//72
f 60//60 67//67 900//900
f 912//912 4//4 12//12
f 18//18 16//16 6//6
f 24//24 18//18 913//913
f 929//929 39//39 36//36
f 198//198 44//44 39//39
f 876//876 204//204 198//198
f 214//214 211//211 209//209
f 219//219 214//214 928//928
f 227//227 221//221 928//928
f 247//247 242//242 238//238
f 281//281 279//279 927//927
f 249//249 247//247 925//925
f 864//864 868//868 922//922
f 852//852 856//856 920//920
f 837//837 845//845 923//923
f 923//923 922//922 917//917
f 823//823 833//833 921//921
f 921//921 920//920 915//915
f 811//811 820//820 919//919
f 804//804 917//917 910//910
f 917//917 916//916 909//909
f 791//791 915//915 908//908
f 915//915 914//914 907//907
f 777//777 784//784 913//913
f 913//913 6//6 4//4
f 765//765 772//772 911//911
f 911//911 910//910 904//904
f 751//751 761//761 909//909
f 909//909 908//908 902//902
f 741//741 749//749 907//907
f 728//728 737//737 904//904
f 904//904 903//903 898//898
f 717//717 726//726 902//902
f 902//902 901//901 896//896
f 705//705 712//712 900//900
f 900//900 72//72 69//69
f 696//696 700//700 898//898
f 684//684 689//689 896//896
f 769//769 932//932 934//934
f 934//934 767//767 769//769
f 768//768 935//935 936//936
f 936//936 764//764 768//768
f 763//763 937//937 941//941
f 941//941 773//773 763//763
f 774//774 939//939 931//931
f 931//931 771//771 774//774
f 938//938 933//933 930//930
f 930//930 940//940 938//938
f 733//733 942//942 946//946
f 946//946 731//731 733//733
f 730//730 945//945 948//948
f 948//948 727//727 730//730
f 729//729 949//949 951//951
f 951//951 736//736 729//729
f 738//738 952//952 943//943
f 943//943 735//735 738//738
f 950//950 947//947 944//944
f 944//944 953//953 950//950
f 810//810 954//954 957//957
f 957//957 805//805 810//810
f 806//806 958//958 960//960
f 960//960 800//800 806//806
f 801//801 961//961 963//963
f 963//963 802//802 801//801
f 803//803 964//964 955//955
f 955//955 808//808 803//803
f 962//962 959//959 956//956
f 956//956 965//965 962//962
f 758//758 967//967 969//969
f 969//969 756//756 758//758
f 754//754 970//970 973//973
f 973//973 752//752 754//754
f 753//753 972//972 976//976
f 976//976 760//760 753//753
f 762//762 975//975 968//968
f 968//968 759//759 762//762
f 974//974 971//971 966//966
f 966//966 977//977 974//974
f 721//721 980//980 981//981
f 981//981 718//718 721//721
f 719//719 982//982 984//984
f 984//984 715//715 719//719
f 716//716 985//985 987//987
f 987//987 725//725 716//716
f 724//724 988//988 979//979
f 979//979 722//722 724//724
f 986//986 983//983 978//978
f 978//978 989//989 986//986
f 747//747 990//990 994//994
f 994//994 743//743 747//747
f 742//742 995//995 996//996
f 996//996 739//739 742//742
f 740//740 997//997 1000//1000
f 1000//1000 748//748 740//740
f 750//750 999//999 991//991
f 991//991 746//746 750//750
f 998//998 993//993 992//992
f 992//992 1001//1001 998//998
f 697//697 1004//1004 1007//1007
f 1007//1007 691//691 697//697
f 692//692 1006//1006 1010//1010
f 1010//1010 694//694 692//692
f 695//695 1009//1009 1013//1013
f 1013//1013 701//701 695//695
f 702//702 1012//1012 1003//1003
f 1003//1003 698//698 702//702
f 1008//1008 1005//1005 1002//1002
f 1002//1002 1011//1011 1008//1008
f 883//883 1015//1015 1018//1018
f 1018//1018 887//887 883//883
f 886//886 1017//1017 1020//1020
f 1020//1020 891//891 886//886
f 890//890 1022//1022 1025//1025
f 1025//1025 892//892 890//890
f 893//893 1023//1023 1014//1014
f 1014//1014 885//885 893//893
f 1021//1021 1019//1019 1016//1016
f 1016//1016 1024//1024 1021//1021
f 1027//1027 849//849 855//855
f 855//855 1031//1031 1027//1027
f 848//848 1028//1028 1032//1032
f 1032//1032 851//851 848//848
f 1034//1034 1037//1037 857//857
f 857//857 850//850 1034//1034
f 858//858 1035//1035 1030//1030
f 1030//1030 853//853 858//858
f 1033//1033 1026//1026 1029//1029
f 1029//1029 1036//1036 1033//1033
f 818//818 1039//1039 1043//1043
f 1043//1043 815//815 818//818
f 816//816 1042//1042 1044//1044
f 1044//1044 812//812 816//816
f 813//813 1046//1046 1048//1048
f 1048//1048 822//822 813//813
f 821//821 1047//1047 1038//1038
f 1038//1038 819//819 821//821
f 1045//1045 1041//1041 1040//1040
f 1040//1040 1049//1049 1045//1045
f 1050//1050 882//882 878//878
f 878//878 1053//1053 1050//1050
f 1052//1052 1058//1058 871//871
f 871//871 881//881 1052//1052
f 872//872 1056//1056 1060//1060
f 1060//1060 874//874 872//872
f 875//875 1061//1061 1055//1055
f 1055//1055 877//877 875//875
f 1057//1057 1051//1051 1054//1054
f 1054//1054 1059//1059 1057//1057
f 866//866 1064//1064 1067//1067
f 1067//1067 861//861 866//866
f 860//860 1066//1066 1068//1068
f 1068//1068 863//863 860//860
f 1070//1070 1071//1071 869//869
f 869//869 862//862 1070//1070
f 870//870 1072//1072 1062//1062
f 1062//1062 865//865 870//870
f 1069//1069 1065//1065 1063//1063
f 1063//1063 1073//1073 1069//1069
f 841//841 1076//1076 1079//1079
f 1079//1079 839//839 841//841
f 840//840 1078//1078 1082//1082
f 1082//1082 836//836 840//840
f 835//835 1081//1081 1085//1085
f 1085//1085 846//846 835//835
f 844//844 1084//1084 1075//1075
f 1075//1075 843//843 844//844
f 1080//1080 1077//1077 1074//1074
f 1074//1074 1083//1083 1080//1080
f 797//797 1086//1086 1091//1091
f 1091//1091 795//795 797//797
f 794//794 1090//1090 1093//1093
f 1093//1093 789//789 794//794
f 787//787 1092//1092 1095//1095
f 1095//1095 790//790 787//787
f 792//792 1097//1097 1087//1087
f 1087//1087 796//796 792//792
f 1094//1094 1089//1089 1088//1088
f 1088//1088 1096//1096 1094//1094
f 830//830 1100//1100 1101//1101
f 1101//1101 827//827 830//830
f 828//828 1102//1102 1105//1105
f 1105//1105 824//824 828//828
f 825//825 1106//1106 1109//1109
f 1109//1109 834//834 825//825
f 832//832 1107//1107 1099//1099
f 1099//1099 831//831 832//832
f 1104//1104 1103//1103 1098//1098
f 1098//1098 1108//1108 1104//1104
f 783//783 1110//1110 1113//1113
f 1113//1113 779//779 783//783
f 1114//1114 1116//1116 775//775
f 775//775 780//780 1114//1114
f 776//776 1118//1118 1121//1121
f 1121//1121 786//786 776//776
f 785//785 1119//1119 1111//1111
f 1111//1111 781//781 785//785
f 1115//1115 1112//1112 1120//1120
f 1120//1120 1117//1117 1115//1115
f 709//709 1122//1122 1126//1126
f 1126//1126 706//706 709//709
f 1125//1125 1130//1130 703//703
f 703//703 708//708 1125//1125
f 704//704 1128//1128 1133//1133
f 1133//1133 714//714 704//704
f 713//713 1132//1132 1123//1123
f 1123//1123 710//710 713//713
f 1127//1127 1124//1124 1131//1131
f 1131//1131 1129//1129 1127//1127
f 685//685 1134//1134 1137//1137
f 1137//1137 679//679 685//685
f 681//681 1138//1138 1140//1140
f 1140//1140 683//683 681//681
f 682//682 1141//1141 1143//1143
f 1143//1143 688//688 682//682
f 690//690 1144//1144 1135//1135
f 1135//1135 687//687 690//690
f 1142//1142 1139//1139 1136//1136
f 1136//1136 1145//1145 1142//1142

